,names,dob,positon,month,year
0,Federico Valverde ,"<td class=""zentriert"">22/07/1998 (24)</td>",<tr><td>Mediocentro</td></tr>,07,98
1,Diego Rossi ,"<td class=""zentriert"">05/03/1998 (24)</td>",<tr><td>Extremo izquierdo</td></tr>,03,98
2,Leonardo Fernández ,"<td class=""zentriert"">08/11/1998 (23)</td>",<tr><td>Mediocentro ofensivo</td></tr>,11,98
3,Joaquín Piquerez ,"<td class=""zentriert"">24/08/1998 (24)</td>",<tr><td>Lateral izquierdo</td></tr>,08,98
4,Agustín Canobbio ,"<td class=""zentriert"">01/10/1998 (24)</td>",<tr><td>Extremo derecho</td></tr>,10,98
5,Santiago Bueno ,"<td class=""zentriert"">09/11/1998 (23)</td>",<tr><td>Defensa central</td></tr>,11,98
6,Marcelo Saracchi ,"<td class=""zentriert"">23/04/1998 (24)</td>",<tr><td>Lateral izquierdo</td></tr>,04,98
7,Agustín Oliveros ,"<td class=""zentriert"">17/08/1998 (24)</td>",<tr><td>Lateral izquierdo</td></tr>,08,98
8,Federico Viñas ,"<td class=""zentriert"">30/06/1998 (24)</td>",<tr><td>Delantero centro</td></tr>,06,98
9,Fabricio Domínguez ,"<td class=""zentriert"">24/06/1998 (24)</td>",<tr><td>Mediocentro</td></tr>,06,98
10,Enzo Martínez ,"<td class=""zentriert"">29/04/1998 (24)</td>",<tr><td>Defensa central</td></tr>,04,98
11,Alan Medina ,"<td class=""zentriert"">10/04/1998 (24)</td>",<tr><td>Interior derecho</td></tr>,04,98
12,Andrew Teuten ,"<td class=""zentriert"">20/07/1998 (24)</td>",<tr><td>Lateral izquierdo</td></tr>,07,98
13,Yvo Calleros ,"<td class=""zentriert"">14/03/1998 (24)</td>",<tr><td>Pivote</td></tr>,03,98
14,Eduardo Darias ,"<td class=""zentriert"">28/02/1998 (24)</td>",<tr><td>Interior derecho</td></tr>,02,98
15,Bruno Veglio ,"<td class=""zentriert"">12/02/1998 (24)</td>",<tr><td>Mediocentro</td></tr>,02,98
16,Carlos Benavidez ,"<td class=""zentriert"">30/03/1998 (24)</td>",<tr><td>Pivote</td></tr>,03,98
17,Nicolás Rossi ,"<td class=""zentriert"">16/05/1998 (24)</td>",<tr><td>Portero</td></tr>,05,98
18,Leandro Lozano ,"<td class=""zentriert"">19/12/1998 (23)</td>",<tr><td>Lateral derecho</td></tr>,12,98
19,Ignacio Pereira ,"<td class=""zentriert"">14/04/1998 (24)</td>",<tr><td>Extremo izquierdo</td></tr>,04,98
20,Cristopher Fiermarín ,"<td class=""zentriert"">01/01/1998 (24)</td>",<tr><td>Portero</td></tr>,01,98
21,Emanuel Beltrán ,"<td class=""zentriert"">23/01/1998 (24)</td>",<tr><td>Lateral derecho</td></tr>,01,98
22,Guillermo May ,"<td class=""zentriert"">11/03/1998 (24)</td>",<tr><td>Mediapunta</td></tr>,03,98
23,Diego Vicente ,"<td class=""zentriert"">19/07/1998 (24)</td>",<tr><td>Mediocentro ofensivo</td></tr>,07,98
24,Robert Ergas ,"<td class=""zentriert"">15/01/1998 (24)</td>",<tr><td>Lateral izquierdo</td></tr>,01,98
0,Roberto Fernández ,"<td class=""zentriert"">02/03/1998 (24)</td>",<tr><td>Pivote</td></tr>,03,98
1,Facundo Queiroz ,"<td class=""zentriert"">16/03/1998 (24)</td>",<tr><td>Defensa central</td></tr>,03,98
2,Emiliano Sosa ,"<td class=""zentriert"">18/02/1998 (24)</td>",<tr><td>Pivote</td></tr>,02,98
3,Leonard Costa ,"<td class=""zentriert"">24/08/1998 (24)</td>",<tr><td>Defensa central</td></tr>,08,98
4,Santiago Brunelli ,"<td class=""zentriert"">15/05/1998 (24)</td>",<tr><td>Defensa central</td></tr>,05,98
5,Agustín Rodríguez ,"<td class=""zentriert"">10/02/1998 (24)</td>",<tr><td>Delantero centro</td></tr>,02,98
6,Santiago Mederos ,"<td class=""zentriert"">16/01/1998 (24)</td>",<tr><td>Interior izquierdo</td></tr>,01,98
7,Nahuel Furtado ,"<td class=""zentriert"">20/03/1998 (24)</td>",<tr><td>Lateral derecho</td></tr>,03,98
8,Matías De Los Santos ,"<td class=""zentriert"">28/09/1998 (24)</td>",<tr><td>Pivote</td></tr>,09,98
9,Francisco Ibáñez ,"<td class=""zentriert"">17/04/1998 (24)</td>",<tr><td>Defensa central</td></tr>,04,98
10,Fabián Píriz ,"<td class=""zentriert"">25/01/1998 (24)</td>",<tr><td>Lateral izquierdo</td></tr>,01,98
11,Agustín Requena ,"<td class=""zentriert"">09/12/1998 (23)</td>",<tr><td>Portero</td></tr>,12,98
12,Nahuel Roldán ,"<td class=""zentriert"">21/12/1998 (23)</td>",<tr><td>Extremo izquierdo</td></tr>,12,98
13,Joaquín Varela ,"<td class=""zentriert"">27/06/1998 (24)</td>",<tr><td>Defensa central</td></tr>,06,98
14,Wiston Fernández ,"<td class=""zentriert"">04/01/1998 (24)</td>",<tr><td>Pivote</td></tr>,01,98
15,Francisco Tinaglini ,"<td class=""zentriert"">09/11/1998 (23)</td>",<tr><td>Portero</td></tr>,11,98
16,Cristian Cruz ,"<td class=""zentriert"">12/02/1998 (24)</td>",<tr><td>Extremo izquierdo</td></tr>,02,98
17,Nicolás Rodríguez ,"<td class=""zentriert"">20/08/1998 (24)</td>",<tr><td>Defensa central</td></tr>,08,98
18,Norman Rodríguez ,"<td class=""zentriert"">12/07/1998 (24)</td>",<tr><td>Defensa central</td></tr>,07,98
19,Franco Martínez ,"<td class=""zentriert"">26/11/1998 (23)</td>",<tr><td>Mediocentro</td></tr>,11,98
20,Ignacio Neira ,"<td class=""zentriert"">06/02/1998 (24)</td>",<tr><td>Mediocentro ofensivo</td></tr>,02,98
21,Santiago Ramírez ,"<td class=""zentriert"">12/03/1998 (24)</td>",<tr><td>Mediapunta</td></tr>,03,98
22,Fernando Souza ,"<td class=""zentriert"">24/05/1998 (24)</td>",<tr><td>Lateral derecho</td></tr>,05,98
23,Martín Cháves ,"<td class=""zentriert"">12/05/1998 (24)</td>",<tr><td>Mediocentro ofensivo</td></tr>,05,98
24,Lucas Machado ,"<td class=""zentriert"">10/04/1998 (24)</td>",<tr><td>Portero</td></tr>,04,98
0,Maicol Ferreira ,"<td class=""zentriert"">20/01/1998 (24)</td>",<tr><td>Mediocentro ofensivo</td></tr>,01,98
1,Andrés Romero ,"<td class=""zentriert"">08/06/1998 (24)</td>",<tr><td>Defensa central</td></tr>,06,98
2,Santiago Viera ,"<td class=""zentriert"">04/06/1998 (24)</td>",<tr><td>Pivote</td></tr>,06,98
3,Kuki Zalazar ,"<td class=""zentriert"">05/05/1998 (24)</td>",<tr><td>Extremo derecho</td></tr>,05,98
4,Facundo Vega ,"<td class=""zentriert"">18/08/1998 (24)</td>",<tr><td>Lateral derecho</td></tr>,08,98
5,Richard Rodríguez ,"<td class=""zentriert"">25/07/1998 (24)</td>",<tr><td>Defensa central</td></tr>,07,98
6,Joel Lew ,"<td class=""zentriert"">27/02/1998 (24)</td>",<tr><td>Mediocentro</td></tr>,02,98
7,Juan Plada ,"<td class=""zentriert"">06/08/1998 (24)</td>",<tr><td>Interior izquierdo</td></tr>,08,98
8,Santiago Pérez ,"<td class=""zentriert"">08/11/1998 (23)</td>",<tr><td>Lateral izquierdo</td></tr>,11,98
9,Facundo Episcopo ,"<td class=""zentriert"">10/12/1998 (23)</td>",<tr><td>Interior izquierdo</td></tr>,12,98
10,Leonardo Olavarría ,"<td class=""zentriert"">25/02/1998 (24)</td>",<tr><td>Mediocentro</td></tr>,02,98
11,Yhojan Díaz ,"<td class=""zentriert"">10/02/1998 (24)</td>",<tr><td>Extremo izquierdo</td></tr>,02,98
12,Gonzalo Pintos ,"<td class=""zentriert"">16/02/1998 (24)</td>",<tr><td>Delantero centro</td></tr>,02,98
13,Diego Rosa ,"<td class=""zentriert"">27/08/1998 (24)</td>",<tr><td>Interior izquierdo</td></tr>,08,98
14,Luis Cartés ,"<td class=""zentriert"">29/03/1998 (24)</td>",<tr><td>Portero</td></tr>,03,98
15,Uri Amaral ,"<td class=""zentriert"">19/05/1998 (24)</td>",<tr><td>Delantero centro</td></tr>,05,98
16,Franco García ,"<td class=""zentriert"">30/05/1998 (24)</td>",<tr><td>Delantero centro</td></tr>,05,98
17,Juan Moreira ,"<td class=""zentriert"">31/05/1998 (24)</td>",<tr><td>Delantero centro</td></tr>,05,98
18,Damián Cabrera ,"<td class=""zentriert"">23/11/1998 (23)</td>",<tr><td>Delantero centro</td></tr>,11,98
19,Alejandro Della Nave ,"<td class=""zentriert"">15/08/1998 (24)</td>",<tr><td>Mediapunta</td></tr>,08,98
20,Emiliano Mozzone ,"<td class=""zentriert"">23/04/1998 (24)</td>",<tr><td>Delantero centro</td></tr>,04,98
21,Elías Oyola ,"<td class=""zentriert"">21/05/1998 (24)</td>",<tr><td>Interior izquierdo</td></tr>,05,98
22,Diego Duque ,"<td class=""zentriert"">01/06/1998 (24)</td>",<tr><td>Defensa central</td></tr>,06,98
23,Juan Affonso ,"<td class=""zentriert"">09/06/1998 (24)</td>",<tr><td>Pivote</td></tr>,06,98
24,Luis Miguel Rodríguez ,"<td class=""zentriert"">28/12/1998 (23)</td>",<tr><td>Delantero centro</td></tr>,12,98
0,Antony Alonso ,"<td class=""zentriert"">11/05/1998 (24)</td>",<tr><td>Delantero centro</td></tr>,05,98
1,Agustín Buffa ,"<td class=""zentriert"">08/01/1998 (24)</td>",<tr><td>Portero</td></tr>,01,98
2,Nicolás López ,"<td class=""zentriert"">16/06/1998 (24)</td>",<tr><td>Delantero centro</td></tr>,06,98
3,Valentín Fernández ,"<td class=""zentriert"">15/05/1998 (24)</td>",<tr><td>Portero</td></tr>,05,98
4,Facundo Falcón ,"<td class=""zentriert"">23/08/1998 (24)</td>",<tr><td>Defensa central</td></tr>,08,98
5,Maycol Lisboa ,"<td class=""zentriert"">15/05/1998 (24)</td>",<tr><td>Defensa central</td></tr>,05,98
6,Agustín Cedrés ,"<td class=""zentriert"">28/05/1998 (24)</td>",<tr><td>Mediocentro ofensivo</td></tr>,05,98
7,Lionel Silva ,"<td class=""zentriert"">01/07/1998 (24)</td>",<tr><td>Medio campo</td></tr>,07,98
8,Santiago Castelnoble ,"<td class=""zentriert"">12/07/1998 (24)</td>",<tr><td>Mediocentro</td></tr>,07,98
9,Diego Torres ,"<td class=""zentriert"">28/01/1998 (24)</td>",<tr><td>Delantero centro</td></tr>,01,98
10,Franco Fagúndez ,"<td class=""zentriert"">14/12/1998 (23)</td>",<tr><td>Mediocentro ofensivo</td></tr>,12,98
11,Maximiliano Silvera ,"<td class=""zentriert"">25/01/1998 (24)</td>",<tr><td>Defensa central</td></tr>,01,98
12,Santiago Núñez ,"<td class=""zentriert"">11/12/1998 (23)</td>",<tr><td>Delantero centro</td></tr>,12,98
13,Agustín Carella ,"<td class=""zentriert"">28/03/1998 (24)</td>",<tr><td>Defensa central</td></tr>,03,98
14,Lucas Santiso ,"<td class=""zentriert"">28/02/1998 (24)</td>",<tr><td>Defensa</td></tr>,02,98
15,Lucas Vignone ,"<td class=""zentriert"">28/01/1998 (24)</td>",<tr><td>Delantero</td></tr>,01,98
16,Santiago Merlo ,"<td class=""zentriert"">30/08/1998 (24)</td>",<tr><td>Lateral izquierdo</td></tr>,08,98
17,Agustín Morales ,"<td class=""zentriert"">17/02/1998 (24)</td>",<tr><td>Delantero</td></tr>,02,98
18,Joan Etchebarne ,"<td class=""zentriert"">02/01/1998 (24)</td>",<tr><td>Medio campo</td></tr>,01,98
19,Cristian Ferreira ,"<td class=""zentriert"">16/01/1998 (24)</td>",<tr><td>Defensa central</td></tr>,01,98
20,Anderson Bonette ,"<td class=""zentriert"">09/03/1998 (24)</td>",<tr><td>Lateral izquierdo</td></tr>,03,98
21,Eduardo Chocho ,"<td class=""zentriert"">04/05/1998 (24)</td>",<tr><td>Extremo derecho</td></tr>,05,98
22,Eric Arias ,"<td class=""zentriert"">17/11/1998 (23)</td>",<tr><td>Defensa</td></tr>,11,98
23,Valentín Melgar ,"<td class=""zentriert"">22/07/1998 (24)</td>",<tr><td>Portero</td></tr>,07,98
24,Martín Hernandez ,"<td class=""zentriert"">03/12/1998 (23)</td>",<tr><td>Lateral derecho</td></tr>,12,98
0,Lucas Martínez ,"<td class=""zentriert"">05/11/1998 (23)</td>",<tr><td>Delantero</td></tr>,11,98
1,Anthony Faller ,"<td class=""zentriert"">29/04/1998 (24)</td>",<tr><td>Lateral izquierdo</td></tr>,04,98
2,Ismael Pereira ,"<td class=""zentriert"">06/03/1998 (24)</td>",<tr><td>Medio campo</td></tr>,03,98
3,Nicolás Marquéz ,"<td class=""zentriert"">13/06/1998 (24)</td>",<tr><td>Defensa central</td></tr>,06,98
4,Mateo Charamoni ,"<td class=""zentriert"">18/06/1998 (24)</td>",<tr><td>Defensa central</td></tr>,06,98
5,Damián Baladón ,"<td class=""zentriert"">20/07/1998 (24)</td>",<tr><td>Medio campo</td></tr>,07,98
6,Gastón Orradre ,"<td class=""zentriert"">06/02/1998 (24)</td>",<tr><td>Delantero</td></tr>,02,98
7,Gabriel Morales ,"<td class=""zentriert"">07/10/1998 (24)</td>",<tr><td>Medio campo</td></tr>,10,98
8,Mauricio Fratta ,"<td class=""zentriert"">24/03/1998 (24)</td>",<tr><td>Portero</td></tr>,03,98
9,Alan Ormazábal ,"<td class=""zentriert"">11/01/1998 (24)</td>",<tr><td>Defensa</td></tr>,01,98
10,Leandro Giffuni ,"<td class=""zentriert"">26/11/1998 (23)</td>",<tr><td>Delantero</td></tr>,11,98
11,Jeffrey Guzmán ,"<td class=""zentriert"">17/03/1998 (24)</td>",<tr><td>Medio campo</td></tr>,03,98
12,Jean Ortiz ,"<td class=""zentriert"">27/04/1998 (24)</td>",<tr><td>Delantero</td></tr>,04,98
13,Federico Larrosa ,"<td class=""zentriert"">29/06/1998 (24)</td>",<tr><td>Defensa</td></tr>,06,98
14,Federico Viera ,"<td class=""zentriert"">28/02/1998 (24)</td>",<tr><td>Delantero</td></tr>,02,98
15,Joaquín Arretche ,"<td class=""zentriert"">30/06/1998 (24)</td>",<tr><td>Pivote</td></tr>,06,98
16,Fernando Olivera ,"<td class=""zentriert"">30/04/1998 (24)</td>",<tr><td>Medio campo</td></tr>,04,98
17,Camilo Irsanskas ,"<td class=""zentriert"">13/09/1998 (24)</td>",<tr><td>Portero</td></tr>,09,98
18,Gastón Roqueta ,"<td class=""zentriert"">13/06/1998 (24)</td>",<tr><td>Interior derecho</td></tr>,06,98
19,Alexander Mafio ,"<td class=""zentriert"">25/02/1998 (24)</td>",<tr><td>Medio campo</td></tr>,02,98
20,Gastón Gorrostorrazo ,"<td class=""zentriert"">22/05/1998 (24)</td>",<tr><td>Pivote</td></tr>,05,98
21,Mauro Cosentino ,"<td class=""zentriert"">18/03/1998 (24)</td>",<tr><td>Medio campo</td></tr>,03,98
22,Lucas Michelena ,"<td class=""zentriert"">29/11/1998 (23)</td>",<tr><td>Portero</td></tr>,11,98
23,Nicolás Lladó ,"<td class=""zentriert"">03/02/1998 (24)</td>",<tr><td>Portero</td></tr>,02,98
24,Lucas Cappi ,"<td class=""zentriert"">20/07/1998 (24)</td>",<tr><td>Medio campo</td></tr>,07,98
0,Agustín Orellano ,"<td class=""zentriert"">13/10/1998 (24)</td>",<tr><td>Medio campo</td></tr>,10,98
1,Lucas Pazos ,"<td class=""zentriert"">19/07/1998 (24)</td>",<tr><td>Delantero</td></tr>,07,98
2,Cristian Martín ,"<td class=""zentriert"">21/01/1998 (24)</td>",<tr><td>Delantero centro</td></tr>,01,98
3,Santiago Rosas ,"<td class=""zentriert"">08/04/1998 (24)</td>",<tr><td>Pivote</td></tr>,04,98
4,Ezequiel Peña ,"<td class=""zentriert"">20/01/1998 (24)</td>",<tr><td>Extremo izquierdo</td></tr>,01,98
5,Manuel Cáceres ,"<td class=""zentriert"">13/01/1998 (24)</td>",<tr><td>Lateral izquierdo</td></tr>,01,98
6,Lázaro Branca ,"<td class=""zentriert"">28/03/1998 (24)</td>",<tr><td>Mediocentro ofensivo</td></tr>,03,98
7,Emiliano Coitiño ,"<td class=""zentriert"">29/04/1998 (24)</td>",<tr><td>Delantero centro</td></tr>,04,98
8,Joaquín Salvatto ,"<td class=""zentriert"">06/03/1998 (24)</td>",<tr><td>Lateral izquierdo</td></tr>,03,98
9,Nicolás Rodríguez ,"<td class=""zentriert"">10/10/1998 (24)</td>",<tr><td>Defensa central</td></tr>,10,98
10,Esteban Gómez ,"<td class=""zentriert"">12/11/1998 (23)</td>",<tr><td>Medio campo</td></tr>,11,98
11,Lorenzo Bidart ,"<td class=""zentriert"">25/09/1998 (24)</td>",<tr><td>Portero</td></tr>,09,98
12,Clever Quintana ,"<td class=""zentriert"">20/01/1998 (24)</td>",<tr><td>Delantero centro</td></tr>,01,98
13,Álvaro Fernández ,"<td class=""zentriert"">05/06/1998 (24)</td>",<tr><td>Delantero centro</td></tr>,06,98
14,Jairo Baladón ,"<td class=""zentriert"">06/08/1998 (24)</td>",<tr><td>Medio campo</td></tr>,08,98
15,Nahuel Rivero ,"<td class=""zentriert"">21/08/1998 (24)</td>",<tr><td>Medio campo</td></tr>,08,98
16,Santiago Rodrìguez ,"<td class=""zentriert"">01/05/1998 (24)</td>",<tr><td>Mediapunta</td></tr>,05,98
17,Néstor Álvarez ,"<td class=""zentriert"">05/11/1998 (23)</td>",<tr><td>Delantero</td></tr>,11,98
18,Fabrizio Torres ,"<td class=""zentriert"">17/12/1998 (23)</td>",<tr><td>Lateral derecho</td></tr>,12,98
19,Nicolás Martínez ,"<td class=""zentriert"">01/08/1998 (24)</td>",<tr><td>Portero</td></tr>,08,98
20,Carlos de Pena ,"<td class=""zentriert"">15/02/1998 (24)</td>",<tr><td>Medio campo</td></tr>,02,98
21,Sergio Falcón ,"<td class=""zentriert"">28/05/1998 (24)</td>",<tr><td>Medio campo</td></tr>,05,98
22,Juan Núñez ,"<td class=""zentriert"">31/03/1998 (24)</td>",<tr><td>Lateral izquierdo</td></tr>,03,98
23,Valentín Martins ,"<td class=""zentriert"">08/06/1998 (24)</td>",<tr><td>Delantero centro</td></tr>,06,98
24,Sebastián Burgos ,"<td class=""zentriert"">11/04/1998 (24)</td>",<tr><td>Interior izquierdo</td></tr>,04,98
0,Guillermo Corbo ,"<td class=""zentriert"">11/12/1998 (23)</td>",<tr><td>Mediocentro</td></tr>,12,98
1,Cristhian Amestoy ,"<td class=""zentriert"">19/03/1998 (24)</td>",<tr><td>Portero</td></tr>,03,98
2,Nicolás Viera ,"<td class=""zentriert"">07/08/1998 (24)</td>",<tr><td>Lateral izquierdo</td></tr>,08,98
3,Joaquín Pintos ,"<td class=""zentriert"">30/06/1998 (24)</td>",<tr><td>Portero</td></tr>,06,98
4,Rodrigo Miraglia ,"<td class=""zentriert"">07/08/1998 (24)</td>",<tr><td>Defensa</td></tr>,08,98
5,Agustín Nadal ,"<td class=""zentriert"">13/07/1998 (24)</td>",<tr><td>Portero</td></tr>,07,98
6,Mathías Céspedes ,"<td class=""zentriert"">03/11/1998 (23)</td>",<tr><td>Defensa central</td></tr>,11,98
7,Javier González ,"<td class=""zentriert"">14/02/1998 (24)</td>",<tr><td>Medio campo</td></tr>,02,98
8,Bruno Pintos ,"<td class=""zentriert"">19/03/1998 (24)</td>",<tr><td>Portero</td></tr>,03,98
9,Bruno Bouchard ,"<td class=""zentriert"">04/03/1998 (24)</td>",<tr><td>Portero</td></tr>,03,98
10,Gastón Cedrez ,"<td class=""zentriert"">19/05/1998 (24)</td>",<tr><td>Extremo derecho</td></tr>,05,98
11,Maximiliano San Martín ,"<td class=""zentriert"">28/05/1998 (24)</td>",<tr><td>Delantero centro</td></tr>,05,98
0,Darwin Núñez ,"<td class=""zentriert"">24/06/1999 (23)</td>",<tr><td>Delantero centro</td></tr>,06,99
1,Ronald Araújo ,"<td class=""zentriert"">07/03/1999 (23)</td>",<tr><td>Defensa central</td></tr>,03,99
2,Nicolás Acevedo ,"<td class=""zentriert"">14/04/1999 (23)</td>",<tr><td>Pivote</td></tr>,04,99
3,Sebastián Cáceres ,"<td class=""zentriert"">18/08/1999 (23)</td>",<tr><td>Defensa central</td></tr>,08,99
4,Bruno Méndez ,"<td class=""zentriert"">10/09/1999 (23)</td>",<tr><td>Defensa central</td></tr>,09,99
5,Emiliano Martínez ,"<td class=""zentriert"">17/08/1999 (23)</td>",<tr><td>Pivote</td></tr>,08,99
6,Francisco Ginella ,"<td class=""zentriert"">21/01/1999 (23)</td>",<tr><td>Mediocentro</td></tr>,01,99
7,Brian Ocampo ,"<td class=""zentriert"">25/06/1999 (23)</td>",<tr><td>Extremo derecho</td></tr>,06,99
8,Facundo Batista ,"<td class=""zentriert"">16/01/1999 (23)</td>",<tr><td>Delantero centro</td></tr>,01,99
9,Ignacio Laquintana ,"<td class=""zentriert"">01/02/1999 (23)</td>",<tr><td>Extremo derecho</td></tr>,02,99
10,Nicolás Quagliata ,"<td class=""zentriert"">05/06/1999 (23)</td>",<tr><td>Extremo izquierdo</td></tr>,06,99
11,Rodrigo Piñeiro ,"<td class=""zentriert"">05/05/1999 (23)</td>",<tr><td>Extremo derecho</td></tr>,05,99
12,Mauro Brasil ,"<td class=""zentriert"">27/04/1999 (23)</td>",<tr><td>Defensa central</td></tr>,04,99
13,Mauro Méndez ,"<td class=""zentriert"">17/01/1999 (23)</td>",<tr><td>Delantero centro</td></tr>,01,99
14,Alfonso Trezza ,"<td class=""zentriert"">22/06/1999 (23)</td>",<tr><td>Extremo derecho</td></tr>,06,99
15,Rodrigo Formento ,"<td class=""zentriert"">25/09/1999 (23)</td>",<tr><td>Portero</td></tr>,09,99
16,Mathías Laborda ,"<td class=""zentriert"">15/09/1999 (23)</td>",<tr><td>Defensa central</td></tr>,09,99
17,Joaquín Ardaiz ,"<td class=""zentriert"">11/01/1999 (23)</td>",<tr><td>Delantero centro</td></tr>,01,99
18,Luciano Boggio ,"<td class=""zentriert"">10/03/1999 (23)</td>",<tr><td>Mediocentro ofensivo</td></tr>,03,99
19,Santiago Silva ,"<td class=""zentriert"">11/05/1999 (23)</td>",<tr><td>Portero</td></tr>,05,99
20,Agustín Cayetano ,"<td class=""zentriert"">09/08/1999 (23)</td>",<tr><td>Lateral izquierdo</td></tr>,08,99
21,Pablo García ,"<td class=""zentriert"">15/04/1999 (23)</td>",<tr><td>Extremo izquierdo</td></tr>,04,99
22,Joaquín Trasante ,"<td class=""zentriert"">14/03/1999 (23)</td>",<tr><td>Pivote</td></tr>,03,99
23,Thiago Vecino ,"<td class=""zentriert"">25/02/1999 (23)</td>",<tr><td>Delantero centro</td></tr>,02,99
24,Erik De Los Santos ,"<td class=""zentriert"">16/01/1999 (23)</td>",<tr><td>Mediocentro</td></tr>,01,99
0,Agustín Chopitea ,"<td class=""zentriert"">10/02/1999 (23)</td>",<tr><td>Lateral derecho</td></tr>,02,99
1,Lucas Morales ,"<td class=""zentriert"">25/11/1999 (22)</td>",<tr><td>Interior derecho</td></tr>,11,99
2,Gastón Pérez ,"<td class=""zentriert"">19/10/1999 (23)</td>",<tr><td>Pivote</td></tr>,10,99
3,Joaquín Fernández ,"<td class=""zentriert"">22/01/1999 (23)</td>",<tr><td>Defensa central</td></tr>,01,99
4,Diego Villalba ,"<td class=""zentriert"">20/05/1999 (23)</td>",<tr><td>Mediocentro</td></tr>,05,99
5,Agustín Alfaro ,"<td class=""zentriert"">29/06/1999 (23)</td>",<tr><td>Interior izquierdo</td></tr>,06,99
6,Nahuel Acosta ,"<td class=""zentriert"">11/05/1999 (23)</td>",<tr><td>Mediapunta</td></tr>,05,99
7,Renzo Bacchia ,"<td class=""zentriert"">23/01/1999 (23)</td>",<tr><td>Portero</td></tr>,01,99
8,Emiliano Ancheta ,"<td class=""zentriert"">09/06/1999 (23)</td>",<tr><td>Lateral derecho</td></tr>,06,99
9,Martín Barrios ,"<td class=""zentriert"">24/01/1999 (23)</td>",<tr><td>Mediocentro</td></tr>,01,99
10,Santiago Paiva ,"<td class=""zentriert"">11/01/1999 (23)</td>",<tr><td>Delantero centro</td></tr>,01,99
11,Juan Manuel Boselli ,"<td class=""zentriert"">09/11/1999 (22)</td>",<tr><td>Extremo derecho</td></tr>,11,99
12,Juan Rivero ,"<td class=""zentriert"">27/06/1999 (23)</td>",<tr><td>Extremo izquierdo</td></tr>,06,99
13,Mathías Silvera ,"<td class=""zentriert"">20/03/1999 (23)</td>",<tr><td>Defensa central</td></tr>,03,99
14,Cristian González ,"<td class=""zentriert"">02/01/1999 (23)</td>",<tr><td>Lateral izquierdo</td></tr>,01,99
15,Nicolás Ramos ,"<td class=""zentriert"">10/03/1999 (23)</td>",<tr><td>Defensa central</td></tr>,03,99
16,Mario García ,"<td class=""zentriert"">08/09/1999 (23)</td>",<tr><td>Mediocentro</td></tr>,09,99
17,Franco Muñoz ,"<td class=""zentriert"">06/02/1999 (23)</td>",<tr><td>Pivote</td></tr>,02,99
18,Gabriel Albín ,"<td class=""zentriert"">14/04/1999 (23)</td>",<tr><td>Interior derecho</td></tr>,04,99
19,Denis Olivera ,"<td class=""zentriert"">29/07/1999 (23)</td>",<tr><td>Delantero centro</td></tr>,07,99
20,Maximiliano Rodríguez ,"<td class=""zentriert"">06/06/1999 (23)</td>",<tr><td>Mediocentro</td></tr>,06,99
21,Emiliano Villar ,"<td class=""zentriert"">21/10/1999 (23)</td>",<tr><td>Delantero centro</td></tr>,10,99
22,Agustín Dávila ,"<td class=""zentriert"">05/01/1999 (23)</td>",<tr><td>Delantero centro</td></tr>,01,99
23,Facundo Vigo ,"<td class=""zentriert"">22/05/1999 (23)</td>",<tr><td>Mediocentro ofensivo</td></tr>,05,99
24,Brian González ,"<td class=""zentriert"">11/06/1999 (23)</td>",<tr><td>Extremo derecho</td></tr>,06,99
0,Francisco Martirena ,"<td class=""zentriert"">09/06/1999 (23)</td>",<tr><td>Defensa central</td></tr>,06,99
1,Emanuel Carlos ,"<td class=""zentriert"">21/02/1999 (23)</td>",<tr><td>Lateral derecho</td></tr>,02,99
2,Ezequiel Escobar ,"<td class=""zentriert"">04/04/1999 (23)</td>",<tr><td>Interior derecho</td></tr>,04,99
3,Matias Dufour ,"<td class=""zentriert"">24/02/1999 (23)</td>",<tr><td>Portero</td></tr>,02,99
4,Kevin Lewis ,"<td class=""zentriert"">08/01/1999 (23)</td>",<tr><td>Interior izquierdo</td></tr>,01,99
5,Facundo Perdomo ,"<td class=""zentriert"">21/08/1999 (23)</td>",<tr><td>Lateral derecho</td></tr>,08,99
6,Mathías Pintos ,"<td class=""zentriert"">26/12/1999 (22)</td>",<tr><td>Lateral izquierdo</td></tr>,12,99
7,Juan Viacava ,"<td class=""zentriert"">20/02/1999 (23)</td>",<tr><td>Mediocentro</td></tr>,02,99
8,Bryan Osores ,"<td class=""zentriert"">25/05/1999 (23)</td>",<tr><td>Mediapunta</td></tr>,05,99
9,Diego Sánchez ,"<td class=""zentriert"">30/07/1999 (23)</td>",<tr><td>Delantero centro</td></tr>,07,99
10,Lucas Rodríguez ,"<td class=""zentriert"">15/01/1999 (23)</td>",<tr><td>Defensa central</td></tr>,01,99
11,Gianfranco Trasante ,"<td class=""zentriert"">14/09/1999 (23)</td>",<tr><td>Lateral derecho</td></tr>,09,99
12,Airton Albarenga ,"<td class=""zentriert"">18/06/1999 (23)</td>",<tr><td>Lateral izquierdo</td></tr>,06,99
13,Ernesto da Rosa ,"<td class=""zentriert"">25/04/1999 (23)</td>",<tr><td>Extremo izquierdo</td></tr>,04,99
14,Diego López ,"<td class=""zentriert"">06/04/1999 (23)</td>",<tr><td>Defensa central</td></tr>,04,99
15,Juan Figueroa ,"<td class=""zentriert"">16/10/1999 (23)</td>",<tr><td>Lateral derecho</td></tr>,10,99
16,Patricio Gregorio ,"<td class=""zentriert"">28/02/1999 (23)</td>",<tr><td>Pivote</td></tr>,02,99
17,Nicolás Suárez ,"<td class=""zentriert"">13/04/1999 (23)</td>",<tr><td>Delantero centro</td></tr>,04,99
18,Nicolás Schiappacasse ,"<td class=""zentriert"">12/01/1999 (23)</td>",<tr><td>Extremo izquierdo</td></tr>,01,99
19,Guzmán Díaz ,"<td class=""zentriert"">18/05/1999 (23)</td>",<tr><td>Mediocentro</td></tr>,05,99
20,Briant D'Altoe ,"<td class=""zentriert"">19/01/1999 (23)</td>",<tr><td>Delantero centro</td></tr>,01,99
21,Facundo Tancredi ,"<td class=""zentriert"">15/02/1999 (23)</td>",<tr><td>Delantero centro</td></tr>,02,99
22,Cristian Sellanes ,"<td class=""zentriert"">13/07/1999 (23)</td>",<tr><td>Extremo izquierdo</td></tr>,07,99
23,Matías Deorta ,"<td class=""zentriert"">24/11/1999 (22)</td>",<tr><td>Delantero centro</td></tr>,11,99
24,Mateo Abeijón ,"<td class=""zentriert"">17/09/1999 (23)</td>",<tr><td>Delantero centro</td></tr>,09,99
0,Matías Faber ,"<td class=""zentriert"">23/04/1999 (23)</td>",<tr><td>Lateral izquierdo</td></tr>,04,99
1,Matías Sebben ,"<td class=""zentriert"">05/07/1999 (23)</td>",<tr><td>Defensa central</td></tr>,07,99
2,Álex de Freitas ,"<td class=""zentriert"">24/05/1999 (23)</td>",<tr><td>Lateral izquierdo</td></tr>,05,99
3,Alan García ,"<td class=""zentriert"">14/09/1999 (23)</td>",<tr><td>Lateral derecho</td></tr>,09,99
4,Leandro Moreira ,"<td class=""zentriert"">20/10/1999 (23)</td>",<tr><td>Pivote</td></tr>,10,99
5,Marco Rossello ,"<td class=""zentriert"">05/10/1999 (23)</td>",<tr><td>Extremo derecho</td></tr>,10,99
6,Manuel Vola ,"<td class=""zentriert"">10/04/1999 (23)</td>",<tr><td>Lateral izquierdo</td></tr>,04,99
7,José Domínguez ,"<td class=""zentriert"">21/12/1999 (22)</td>",<tr><td>Medio campo</td></tr>,12,99
8,Franco Maya ,"<td class=""zentriert"">24/05/1999 (23)</td>",<tr><td>Defensa central</td></tr>,05,99
9,Gastón Priore ,"<td class=""zentriert"">30/06/1999 (23)</td>",<tr><td>Delantero centro</td></tr>,06,99
10,Gabriel Sosa ,"<td class=""zentriert"">22/11/1999 (22)</td>",<tr><td>Lateral derecho</td></tr>,11,99
11,Juan Besón ,"<td class=""zentriert"">03/03/1999 (23)</td>",<tr><td>Lateral izquierdo</td></tr>,03,99
12,Martín Gómez ,"<td class=""zentriert"">21/06/1999 (23)</td>",<tr><td>Mediocentro</td></tr>,06,99
13,Federico Viotti ,"<td class=""zentriert"">02/01/1999 (23)</td>",<tr><td>Pivote</td></tr>,01,99
14,Gustavo Da Silva ,"<td class=""zentriert"">11/01/1999 (23)</td>",<tr><td>Mediocentro ofensivo</td></tr>,01,99
15,Nicolás Brun ,"<td class=""zentriert"">02/08/1999 (23)</td>",<tr><td>Extremo izquierdo</td></tr>,08,99
16,Gustavo Vargas ,"<td class=""zentriert"">16/09/1999 (23)</td>",<tr><td>Portero</td></tr>,09,99
17,Gastón Sacarelo ,"<td class=""zentriert"">23/10/1999 (23)</td>",<tr><td>Delantero centro</td></tr>,10,99
18,Jonathan Lima ,"<td class=""zentriert"">24/05/1999 (23)</td>",<tr><td>Portero</td></tr>,05,99
19,Jairo Guerra ,"<td class=""zentriert"">24/08/1999 (23)</td>",<tr><td>Lateral izquierdo</td></tr>,08,99
20,Nicolás Núñez ,"<td class=""zentriert"">03/12/1999 (22)</td>",<tr><td>Extremo izquierdo</td></tr>,12,99
21,Christian Franco ,"<td class=""zentriert"">01/05/1999 (23)</td>",<tr><td>Delantero centro</td></tr>,05,99
22,Andrés Olivera ,"<td class=""zentriert"">12/08/1999 (23)</td>",<tr><td>Interior derecho</td></tr>,08,99
23,Ernesto Ocampo ,"<td class=""zentriert"">02/05/1999 (23)</td>",<tr><td>Medio campo</td></tr>,05,99
24,Alejandro Gil ,"<td class=""zentriert"">10/04/1999 (23)</td>",<tr><td>Delantero</td></tr>,04,99
0,Agustín Delgado ,"<td class=""zentriert"">31/01/1999 (23)</td>",<tr><td>Portero</td></tr>,01,99
1,Aarón Soria ,"<td class=""zentriert"">06/01/1999 (23)</td>",<tr><td>Portero</td></tr>,01,99
2,Agustín Pereira ,"<td class=""zentriert"">18/07/1999 (23)</td>",<tr><td>Defensa</td></tr>,07,99
3,Lucas Casavieja ,"<td class=""zentriert"">19/07/1999 (23)</td>",<tr><td>Delantero</td></tr>,07,99
4,Fabián Pesca ,"<td class=""zentriert"">30/04/1999 (23)</td>",<tr><td>Extremo derecho</td></tr>,04,99
5,Agustín Santana ,"<td class=""zentriert"">21/09/1999 (23)</td>",<tr><td>Medio campo</td></tr>,09,99
6,Mauro Moreira ,"<td class=""zentriert"">09/06/1999 (23)</td>",<tr><td>Defensa</td></tr>,06,99
7,Luciano Urán ,"<td class=""zentriert"">08/08/1999 (23)</td>",<tr><td>Delantero centro</td></tr>,08,99
8,Facundo Cancela ,"<td class=""zentriert"">01/05/1999 (23)</td>",<tr><td>Portero</td></tr>,05,99
9,Ignacio Beltramelli ,"<td class=""zentriert"">17/02/1999 (23)</td>",<tr><td>Defensa central</td></tr>,02,99
10,Nelson Dos Santos ,"<td class=""zentriert"">07/02/1999 (23)</td>",<tr><td>Defensa</td></tr>,02,99
11,Horacio Bardanca ,"<td class=""zentriert"">26/04/1999 (23)</td>",<tr><td>Medio campo</td></tr>,04,99
12,Diego Sabatel ,"<td class=""zentriert"">24/08/1999 (23)</td>",<tr><td>Defensa central</td></tr>,08,99
13,Sebastián Bentos ,"<td class=""zentriert"">25/02/1999 (23)</td>",<tr><td>Delantero centro</td></tr>,02,99
14,Pablo Barrios ,"<td class=""zentriert"">19/08/1999 (23)</td>",<tr><td>Defensa</td></tr>,08,99
15,Germán Gutiérrez ,"<td class=""zentriert"">27/06/1999 (23)</td>",<tr><td>Defensa central</td></tr>,06,99
16,Pablo Muscarelli ,"<td class=""zentriert"">05/05/1999 (23)</td>",<tr><td>Mediocentro</td></tr>,05,99
17,Daniel Ceballes ,"<td class=""zentriert"">28/06/1999 (23)</td>",<tr><td>Medio campo</td></tr>,06,99
18,Ignacio Ojeda ,"<td class=""zentriert"">04/02/1999 (23)</td>",<tr><td>Pivote</td></tr>,02,99
19,Agustín Coitto ,"<td class=""zentriert"">25/12/1999 (22)</td>",<tr><td>Medio campo</td></tr>,12,99
20,Mauro Picerno ,"<td class=""zentriert"">09/12/1999 (22)</td>",<tr><td>Lateral derecho</td></tr>,12,99
21,Lucas Lópes ,"<td class=""zentriert"">30/01/1999 (23)</td>",<tr><td>Interior izquierdo</td></tr>,01,99
22,Leonardo Machado ,"<td class=""zentriert"">09/04/1999 (23)</td>",<tr><td>Portero</td></tr>,04,99
23,Facundo Godoy ,"<td class=""zentriert"">21/02/1999 (23)</td>",<tr><td>Delantero centro</td></tr>,02,99
24,Martín Mondino ,"<td class=""zentriert"">28/06/1999 (23)</td>",<tr><td>Defensa central</td></tr>,06,99
0,Maximiliano Ferreira ,"<td class=""zentriert"">15/08/1999 (23)</td>",<tr><td>Medio campo</td></tr>,08,99
1,Santiago Muñoz ,"<td class=""zentriert"">03/06/1999 (23)</td>",<tr><td>Portero</td></tr>,06,99
2,Lucas Ortíz ,"<td class=""zentriert"">26/05/1999 (23)</td>",<tr><td>Extremo izquierdo</td></tr>,05,99
3,Hernan Haller ,"<td class=""zentriert"">27/09/1999 (23)</td>",<tr><td>Portero</td></tr>,09,99
4,Federico Fernández ,"<td class=""zentriert"">17/05/1999 (23)</td>",<tr><td>Interior izquierdo</td></tr>,05,99
5,Anthony Rijo ,"<td class=""zentriert"">12/01/1999 (23)</td>",<tr><td>Mediocentro</td></tr>,01,99
6,Matías Fontes ,"<td class=""zentriert"">27/06/1999 (23)</td>",<tr><td>Defensa central</td></tr>,06,99
7,Diego Caraballo ,"<td class=""zentriert"">13/11/1999 (22)</td>",<tr><td>Extremo derecho</td></tr>,11,99
8,Jonathan Jorge ,"<td class=""zentriert"">08/05/1999 (23)</td>",<tr><td>Pivote</td></tr>,05,99
9,Facundo Pareja ,"<td class=""zentriert"">24/09/1999 (23)</td>",<tr><td>Portero</td></tr>,09,99
10,Marcos Donato ,"<td class=""zentriert"">22/10/1999 (23)</td>",<tr><td>Portero</td></tr>,10,99
11,Christian Falcón ,"<td class=""zentriert"">07/11/1999 (22)</td>",<tr><td>Defensa</td></tr>,11,99
12,Gabriel Zapata ,"<td class=""zentriert"">26/04/1999 (23)</td>",<tr><td>Portero</td></tr>,04,99
13,Rodrigo Ciosek ,"<td class=""zentriert"">15/04/1999 (23)</td>",<tr><td>Defensa</td></tr>,04,99
14,Federico García ,"<td class=""zentriert"">25/04/1999 (23)</td>",<tr><td>Portero</td></tr>,04,99
15,Cristian Andrade ,"<td class=""zentriert"">26/04/1999 (23)</td>",<tr><td>Portero</td></tr>,04,99
16,Germán Correa ,"<td class=""zentriert"">23/02/1999 (23)</td>",<tr><td>Portero</td></tr>,02,99
17,Gabriel Mustakas ,"<td class=""zentriert"">27/07/1999 (23)</td>",<tr><td>Defensa central</td></tr>,07,99
18,Cristian Antúnez ,"<td class=""zentriert"">25/06/1999 (23)</td>",<tr><td>Delantero centro</td></tr>,06,99
19,Gastón De Pedro ,"<td class=""zentriert"">21/12/1999 (22)</td>",<tr><td>Defensa central</td></tr>,12,99
20,Matías Esnal ,"<td class=""zentriert"">21/01/1999 (23)</td>",<tr><td>Portero</td></tr>,01,99
21,Facundo Antúnez ,"<td class=""zentriert"">20/03/1999 (23)</td>",<tr><td>Interior derecho</td></tr>,03,99
22,Diego Amaro ,"<td class=""zentriert"">12/04/1999 (23)</td>",<tr><td>Lateral izquierdo</td></tr>,04,99
23,José Muyala ,"<td class=""zentriert"">01/04/1999 (23)</td>",<tr><td>Defensa central</td></tr>,04,99
24,Santiago Franco ,"<td class=""zentriert"">20/04/1999 (23)</td>",<tr><td>Delantero centro</td></tr>,04,99
0,Bruno Rodríguez ,"<td class=""zentriert"">03/02/1999 (23)</td>",<tr><td>Lateral derecho</td></tr>,02,99
1,Facundo Briñón ,"<td class=""zentriert"">14/04/1999 (23)</td>",<tr><td>Medio campo</td></tr>,04,99
2,Franco Leguizamón ,"<td class=""zentriert"">29/01/1999 (23)</td>",<tr><td>Mediocentro ofensivo</td></tr>,01,99
3,Matías Molina ,"<td class=""zentriert"">12/08/1999 (23)</td>",<tr><td>Delantero centro</td></tr>,08,99
0,Facundo Torres ,"<td class=""zentriert"">13/04/2000 (22)</td>",<tr><td>Extremo izquierdo</td></tr>,04,00
1,Gastón Álvarez ,"<td class=""zentriert"">24/03/2000 (22)</td>",<tr><td>Defensa central</td></tr>,03,00
2,Santiago Rodríguez ,"<td class=""zentriert"">08/01/2000 (22)</td>",<tr><td>Mediocentro ofensivo</td></tr>,01,00
3,Brian Rodríguez ,"<td class=""zentriert"">20/05/2000 (22)</td>",<tr><td>Extremo izquierdo</td></tr>,05,00
4,Salomón Rodríguez ,"<td class=""zentriert"">16/02/2000 (22)</td>",<tr><td>Delantero centro</td></tr>,02,00
5,Maximiliano Araújo ,"<td class=""zentriert"">15/02/2000 (22)</td>",<tr><td>Interior izquierdo</td></tr>,02,00
6,Juan Manuel Sanabria ,"<td class=""zentriert"">29/03/2000 (22)</td>",<tr><td>Mediocentro</td></tr>,03,00
7,Franco Israel ,"<td class=""zentriert"">22/04/2000 (22)</td>",<tr><td>Portero</td></tr>,04,00
8,Alan Rodríguez ,"<td class=""zentriert"">25/01/2000 (22)</td>",<tr><td>Mediocentro</td></tr>,01,00
9,Federico Pereira ,"<td class=""zentriert"">24/02/2000 (22)</td>",<tr><td>Lateral derecho</td></tr>,02,00
10,Guzmán Rodríguez ,"<td class=""zentriert"">08/02/2000 (22)</td>",<tr><td>Defensa central</td></tr>,02,00
11,Mauro Silveira ,"<td class=""zentriert"">06/05/2000 (22)</td>",<tr><td>Portero</td></tr>,05,00
12,Edgar Elizalde ,"<td class=""zentriert"">27/02/2000 (22)</td>",<tr><td>Defensa central</td></tr>,02,00
13,Sebastián Guerrero ,"<td class=""zentriert"">23/09/2000 (22)</td>",<tr><td>Delantero centro</td></tr>,09,00
14,Rodrigo Saravia ,"<td class=""zentriert"">17/08/2000 (22)</td>",<tr><td>Mediocentro</td></tr>,08,00
15,Rafael Haller ,"<td class=""zentriert"">17/08/2000 (22)</td>",<tr><td>Lateral derecho</td></tr>,08,00
16,Alejo Cruz ,"<td class=""zentriert"">01/09/2000 (22)</td>",<tr><td>Extremo izquierdo</td></tr>,09,00
17,Gonzalo Nápoli ,"<td class=""zentriert"">08/05/2000 (22)</td>",<tr><td>Mediocentro</td></tr>,05,00
18,Diego Romero ,"<td class=""zentriert"">02/03/2000 (22)</td>",<tr><td>Interior izquierdo</td></tr>,03,00
19,Marcos Camarda ,"<td class=""zentriert"">22/11/2000 (21)</td>",<tr><td>Delantero centro</td></tr>,11,00
20,Gastón Martirena ,"<td class=""zentriert"">05/01/2000 (22)</td>",<tr><td>Lateral derecho</td></tr>,01,00
21,José Neris ,"<td class=""zentriert"">13/03/2000 (22)</td>",<tr><td>Delantero centro</td></tr>,03,00
22,Thomás Chacón ,"<td class=""zentriert"">17/08/2000 (22)</td>",<tr><td>Interior izquierdo</td></tr>,08,00
23,Lucas Lemos ,"<td class=""zentriert"">26/02/2000 (22)</td>",<tr><td>Defensa central</td></tr>,02,00
24,Diego Hernández ,"<td class=""zentriert"">22/06/2000 (22)</td>",<tr><td>Extremo izquierdo</td></tr>,06,00
0,Sebastián González ,"<td class=""zentriert"">11/02/2000 (22)</td>",<tr><td>Pivote</td></tr>,02,00
1,Cristian Barros ,"<td class=""zentriert"">09/04/2000 (22)</td>",<tr><td>Extremo derecho</td></tr>,04,00
2,Ezequiel Busquets ,"<td class=""zentriert"">24/10/2000 (22)</td>",<tr><td>Lateral derecho</td></tr>,10,00
3,Edhard Greising ,"<td class=""zentriert"">02/09/2000 (22)</td>",<tr><td>Lateral izquierdo</td></tr>,09,00
4,Franco Fagúndez ,"<td class=""zentriert"">19/07/2000 (22)</td>",<tr><td>Delantero centro</td></tr>,07,00
5,Agustín Pérez ,"<td class=""zentriert"">20/08/2000 (22)</td>",<tr><td>Pivote</td></tr>,08,00
6,Agustín Da Silveira ,"<td class=""zentriert"">11/12/2000 (21)</td>",<tr><td>Defensa central</td></tr>,12,00
7,Franco Catarozzi ,"<td class=""zentriert"">02/04/2000 (22)</td>",<tr><td>Mediocentro</td></tr>,04,00
8,Francisco Duarte ,"<td class=""zentriert"">28/03/2000 (22)</td>",<tr><td>Mediocentro</td></tr>,03,00
9,Lucas Ferreira ,"<td class=""zentriert"">16/06/2000 (22)</td>",<tr><td>Defensa central</td></tr>,06,00
10,Gerónimo Bortagaray ,"<td class=""zentriert"">05/08/2000 (22)</td>",<tr><td>Defensa central</td></tr>,08,00
11,Enzo Castillo ,"<td class=""zentriert"">23/12/2000 (21)</td>",<tr><td>Defensa central</td></tr>,12,00
12,Gustavo Viera ,"<td class=""zentriert"">21/10/2000 (22)</td>",<tr><td>Delantero centro</td></tr>,10,00
13,Jairo Villalpando ,"<td class=""zentriert"">01/04/2000 (22)</td>",<tr><td>Mediocentro ofensivo</td></tr>,04,00
14,Sebastián Cáceres ,"<td class=""zentriert"">15/01/2000 (22)</td>",<tr><td>Mediocentro</td></tr>,01,00
15,Valentín Amoroso ,"<td class=""zentriert"">31/07/2000 (22)</td>",<tr><td>Interior izquierdo</td></tr>,07,00
16,Brian Cordara ,"<td class=""zentriert"">02/03/2000 (22)</td>",<tr><td>Delantero centro</td></tr>,03,00
17,Matías Gallardo ,"<td class=""zentriert"">20/04/2000 (22)</td>",<tr><td>Defensa central</td></tr>,04,00
18,Sergio Núñez ,"<td class=""zentriert"">30/06/2000 (22)</td>",<tr><td>Delantero centro</td></tr>,06,00
19,Maicol Rodríguez ,"<td class=""zentriert"">29/01/2000 (22)</td>",<tr><td>Interior izquierdo</td></tr>,01,00
20,Nahuel Suárez ,"<td class=""zentriert"">02/06/2000 (22)</td>",<tr><td>Portero</td></tr>,06,00
21,Brian Ferrares ,"<td class=""zentriert"">01/03/2000 (22)</td>",<tr><td>Defensa central</td></tr>,03,00
22,Hernán Labraga ,"<td class=""zentriert"">09/05/2000 (22)</td>",<tr><td>Defensa central</td></tr>,05,00
23,Mauro Muhlethaler ,"<td class=""zentriert"">04/04/2000 (22)</td>",<tr><td>Interior izquierdo</td></tr>,04,00
24,Juan Quintana ,"<td class=""zentriert"">04/01/2000 (22)</td>",<tr><td>Extremo derecho</td></tr>,01,00
0,Franco Posse ,"<td class=""zentriert"">21/09/2000 (22)</td>",<tr><td>Delantero centro</td></tr>,09,00
1,Bruno Scorza ,"<td class=""zentriert"">01/10/2000 (22)</td>",<tr><td>Delantero centro</td></tr>,10,00
2,Facundo Parada ,"<td class=""zentriert"">28/01/2000 (22)</td>",<tr><td>Defensa central</td></tr>,01,00
3,Owen Falconis ,"<td class=""zentriert"">25/02/2000 (22)</td>",<tr><td>Delantero centro</td></tr>,02,00
4,Lucas Sanseviero ,"<td class=""zentriert"">05/08/2000 (22)</td>",<tr><td>Extremo derecho</td></tr>,08,00
5,Mariano Nichele ,"<td class=""zentriert"">26/09/2000 (22)</td>",<tr><td>Delantero centro</td></tr>,09,00
6,Emiliano García ,"<td class=""zentriert"">19/01/2000 (22)</td>",<tr><td>Extremo izquierdo</td></tr>,01,00
7,Martín Gianoli ,"<td class=""zentriert"">27/09/2000 (22)</td>",<tr><td>Defensa central</td></tr>,09,00
8,Emiliano Corujo ,"<td class=""zentriert"">18/01/2000 (22)</td>",<tr><td>Portero</td></tr>,01,00
9,Rodrigo Vidal ,"<td class=""zentriert"">12/08/2000 (22)</td>",<tr><td>Extremo derecho</td></tr>,08,00
10,Nicolás Pintado ,"<td class=""zentriert"">24/03/2000 (22)</td>",<tr><td>Mediocentro</td></tr>,03,00
11,Emiliano Tracchia ,"<td class=""zentriert"">22/03/2000 (22)</td>",<tr><td>Mediocentro ofensivo</td></tr>,03,00
12,Nicolás García ,"<td class=""zentriert"">05/10/2000 (22)</td>",<tr><td>Delantero centro</td></tr>,10,00
13,Joaquín Machado ,"<td class=""zentriert"">05/05/2000 (22)</td>",<tr><td>Defensa central</td></tr>,05,00
14,Ezequiel Silveira ,"<td class=""zentriert"">22/07/2000 (22)</td>",<tr><td>Defensa central</td></tr>,07,00
15,Luca Núñez ,"<td class=""zentriert"">07/06/2000 (22)</td>",<tr><td>Lateral izquierdo</td></tr>,06,00
16,Diego Cor ,"<td class=""zentriert"">06/07/2000 (22)</td>",<tr><td>Extremo derecho</td></tr>,07,00
17,Agustín Araújo ,"<td class=""zentriert"">11/12/2000 (21)</td>",<tr><td>Delantero centro</td></tr>,12,00
18,Fabián Borges ,"<td class=""zentriert"">08/04/2000 (22)</td>",<tr><td>Lateral izquierdo</td></tr>,04,00
19,Federico Larraura ,"<td class=""zentriert"">07/01/2000 (22)</td>",<tr><td>Mediocentro</td></tr>,01,00
20,Rafael Melo ,"<td class=""zentriert"">19/03/2000 (22)</td>",<tr><td>Extremo derecho</td></tr>,03,00
21,Ismael Tejería ,"<td class=""zentriert"">23/02/2000 (22)</td>",<tr><td>Defensa central</td></tr>,02,00
22,Santiago Rodríguez ,"<td class=""zentriert"">15/02/2000 (22)</td>",<tr><td>Interior izquierdo</td></tr>,02,00
23,Joaquin Wigman ,"<td class=""zentriert"">15/05/2000 (22)</td>",<tr><td>Delantero centro</td></tr>,05,00
24,Luca Giossa ,"<td class=""zentriert"">24/05/2000 (22)</td>",<tr><td>Portero</td></tr>,05,00
0,Brian Leis ,"<td class=""zentriert"">18/11/2000 (21)</td>",<tr><td>Delantero centro</td></tr>,11,00
1,Martín Correa ,"<td class=""zentriert"">04/06/2000 (22)</td>",<tr><td>Portero</td></tr>,06,00
2,Federico Andrade ,"<td class=""zentriert"">14/08/2000 (22)</td>",<tr><td>Delantero centro</td></tr>,08,00
3,Anthony Cutti ,"<td class=""zentriert"">30/07/2000 (22)</td>",<tr><td>Extremo izquierdo</td></tr>,07,00
4,Ivo Allende ,"<td class=""zentriert"">04/11/2000 (21)</td>",<tr><td>Interior derecho</td></tr>,11,00
5,Ezequiel Mechoso ,"<td class=""zentriert"">23/03/2000 (22)</td>",<tr><td>Mediocentro ofensivo</td></tr>,03,00
6,Jonathan González ,"<td class=""zentriert"">22/06/2000 (22)</td>",<tr><td>Defensa central</td></tr>,06,00
7,Santiago Costa ,"<td class=""zentriert"">12/02/2000 (22)</td>",<tr><td>Mediocentro ofensivo</td></tr>,02,00
8,Danilo Bangueses ,"<td class=""zentriert"">04/01/2000 (22)</td>",<tr><td>Lateral derecho</td></tr>,01,00
9,Maicol Vidal ,"<td class=""zentriert"">26/07/2000 (22)</td>",<tr><td>Portero</td></tr>,07,00
10,Octavio Perdomo ,"<td class=""zentriert"">25/01/2000 (22)</td>",<tr><td>Pivote</td></tr>,01,00
11,Samuel Rodriguez ,"<td class=""zentriert"">21/01/2000 (22)</td>",<tr><td>Defensa central</td></tr>,01,00
12,Emerson Núñez ,"<td class=""zentriert"">12/04/2000 (22)</td>",<tr><td>Interior izquierdo</td></tr>,04,00
13,Diego Aguilera ,"<td class=""zentriert"">11/08/2000 (22)</td>",<tr><td>Delantero centro</td></tr>,08,00
14,Joaquín Sarlabos ,"<td class=""zentriert"">11/05/2000 (22)</td>",<tr><td>Defensa central</td></tr>,05,00
15,Daniel Pérez ,"<td class=""zentriert"">17/07/2000 (22)</td>",<tr><td>Defensa central</td></tr>,07,00
16,Yamandú Pereyra ,"<td class=""zentriert"">07/10/2000 (22)</td>",<tr><td>Defensa central</td></tr>,10,00
17,Bruno Barbato ,"<td class=""zentriert"">10/05/2000 (22)</td>",<tr><td>Mediocentro ofensivo</td></tr>,05,00
18,Facundo Silvestre ,"<td class=""zentriert"">27/11/2000 (21)</td>",<tr><td>Pivote</td></tr>,11,00
19,Mathías Bernatene ,"<td class=""zentriert"">24/07/2000 (22)</td>",<tr><td>Portero</td></tr>,07,00
20,Sebastián Hohl ,"<td class=""zentriert"">20/06/2000 (22)</td>",<tr><td>Lateral izquierdo</td></tr>,06,00
21,Osvaldo Iorio Forestero ,"<td class=""zentriert"">02/08/2000 (22)</td>",<tr><td>Lateral derecho</td></tr>,08,00
22,Walter Corrales ,"<td class=""zentriert"">02/03/2000 (22)</td>",<tr><td>Mediocentro ofensivo</td></tr>,03,00
23,Mauro García ,"<td class=""zentriert"">27/02/2000 (22)</td>",<tr><td>Lateral izquierdo</td></tr>,02,00
24,Lucas Ribeiro ,"<td class=""zentriert"">10/07/2000 (22)</td>",<tr><td>Delantero centro</td></tr>,07,00
0,Iván García ,"<td class=""zentriert"">15/01/2000 (22)</td>",<tr><td>Extremo derecho</td></tr>,01,00
1,Emanuel Fuentes ,"<td class=""zentriert"">02/06/2000 (22)</td>",<tr><td>Mediocentro ofensivo</td></tr>,06,00
2,Alejandro García ,"<td class=""zentriert"">02/11/2000 (21)</td>",<tr><td>Pivote</td></tr>,11,00
3,Nicolás Da Fonte ,"<td class=""zentriert"">21/07/2000 (22)</td>",<tr><td>Delantero centro</td></tr>,07,00
4,Thomas Ferreira ,"<td class=""zentriert"">23/09/2000 (22)</td>",<tr><td>Defensa central</td></tr>,09,00
5,Gianlucas García ,"<td class=""zentriert"">15/05/2000 (22)</td>",<tr><td>Defensa central</td></tr>,05,00
6,Diego Segovia ,"<td class=""zentriert"">15/05/2000 (22)</td>",<tr><td>Portero</td></tr>,05,00
7,Nicolás Lugano ,"<td class=""zentriert"">07/07/2000 (22)</td>",<tr><td>Lateral derecho</td></tr>,07,00
8,Facundo Pérez ,"<td class=""zentriert"">23/03/2000 (22)</td>",<tr><td>Mediocentro</td></tr>,03,00
9,Cristian Ferradans ,"<td class=""zentriert"">20/01/2000 (22)</td>",<tr><td>Pivote</td></tr>,01,00
10,Luciano Demarco ,"<td class=""zentriert"">12/12/2000 (21)</td>",<tr><td>Portero</td></tr>,12,00
11,Facundo Nóbrega ,"<td class=""zentriert"">24/05/2000 (22)</td>",<tr><td>Delantero</td></tr>,05,00
12,Matías Losada ,"<td class=""zentriert"">27/11/2000 (21)</td>",<tr><td>Portero</td></tr>,11,00
13,Nicolás Césaro ,"<td class=""zentriert"">11/03/2000 (22)</td>",<tr><td>Portero</td></tr>,03,00
14,Bruno Serrón ,"<td class=""zentriert"">26/09/2000 (22)</td>",<tr><td>Defensa central</td></tr>,09,00
15,Nicolás Mallet Konovaluk ,"<td class=""zentriert"">21/09/2000 (22)</td>",<tr><td>Mediocentro</td></tr>,09,00
16,Matías Cedrés ,"<td class=""zentriert"">01/01/2000 (22)</td>",<tr><td>Mediocentro</td></tr>,01,00
17,Joaquín De León ,"<td class=""zentriert"">05/07/2000 (22)</td>",<tr><td>Defensa</td></tr>,07,00
18,Cristian Alvez ,"<td class=""zentriert"">18/03/2000 (22)</td>",<tr><td>Medio campo</td></tr>,03,00
19,Lautaro Aguete ,"<td class=""zentriert"">23/02/2000 (22)</td>",<tr><td>Lateral izquierdo</td></tr>,02,00
20,Anthony Stella ,"<td class=""zentriert"">07/04/2000 (22)</td>",<tr><td>Mediapunta</td></tr>,04,00
21,Santiago Falcón ,"<td class=""zentriert"">28/09/2000 (22)</td>",<tr><td>Lateral izquierdo</td></tr>,09,00
22,Gonzalo Viotti ,"<td class=""zentriert"">10/06/2000 (22)</td>",<tr><td>Delantero centro</td></tr>,06,00
23,Luciano Rodríguez ,"<td class=""zentriert"">19/12/2000 (21)</td>",<tr><td>Medio campo</td></tr>,12,00
24,Pablo Fernández ,"<td class=""zentriert"">27/11/2000 (21)</td>",<tr><td>Delantero</td></tr>,11,00
0,Brian Prado ,"<td class=""zentriert"">01/01/2000 (22)</td>",<tr><td>Medio campo</td></tr>,01,00
1,Franco Ciribello ,"<td class=""zentriert"">02/01/2000 (22)</td>",<tr><td>Delantero centro</td></tr>,01,00
2,Rodolfo Rodríguez ,"<td class=""zentriert"">16/11/2000 (21)</td>",<tr><td>Portero</td></tr>,11,00
3,Fabricio Sanguinetti ,"<td class=""zentriert"">23/08/2000 (22)</td>",<tr><td>Delantero</td></tr>,08,00
4,Santiago Acosta ,"<td class=""zentriert"">07/07/2000 (22)</td>",<tr><td>Defensa central</td></tr>,07,00
5,Felipe Cairus ,"<td class=""zentriert"">28/04/2000 (22)</td>",<tr><td>Mediocentro ofensivo</td></tr>,04,00
6,Owen Rodríguez ,"<td class=""zentriert"">23/10/2000 (22)</td>",<tr><td>Medio campo</td></tr>,10,00
7,Diego Bustos ,"<td class=""zentriert"">21/12/2000 (21)</td>",<tr><td>Mediocentro ofensivo</td></tr>,12,00
8,Brian Correa ,"<td class=""zentriert"">17/01/2000 (22)</td>",<tr><td>Portero</td></tr>,01,00
9,Álvaro Fernández ,"<td class=""zentriert"">22/03/2000 (22)</td>",<tr><td>Delantero</td></tr>,03,00
10,Agustín Trinidad ,"<td class=""zentriert"">04/08/2000 (22)</td>",<tr><td>Portero</td></tr>,08,00
11,Juan Godino ,"<td class=""zentriert"">23/11/2000 (21)</td>",<tr><td>Medio campo</td></tr>,11,00
12,Facundo Segovia ,"<td class=""zentriert"">29/10/2000 (21)</td>",<tr><td>Medio campo</td></tr>,10,00
13,Emilio Jara ,"<td class=""zentriert"">29/09/2000 (22)</td>",<tr><td>Defensa</td></tr>,09,00
14,Federico Tellechea ,"<td class=""zentriert"">13/09/2000 (22)</td>",<tr><td>Medio campo</td></tr>,09,00
15,Esteban Martínez ,"<td class=""zentriert"">05/06/2000 (22)</td>",<tr><td>Portero</td></tr>,06,00
16,Eduardo Bastita ,"<td class=""zentriert"">06/04/2000 (22)</td>",<tr><td>Lateral derecho</td></tr>,04,00
17,Mateo Sena ,"<td class=""zentriert"">30/03/2000 (22)</td>",<tr><td>Interior derecho</td></tr>,03,00
18,Gastón Medina ,"<td class=""zentriert"">13/09/2000 (22)</td>",<tr><td>Pivote</td></tr>,09,00
19,Christian Luna ,"<td class=""zentriert"">26/01/2000 (22)</td>",<tr><td>Defensa central</td></tr>,01,00
20,Nahuel Gómez ,"<td class=""zentriert"">14/02/2000 (22)</td>",<tr><td>Medio campo</td></tr>,02,00
21,Santiago Fernández ,"<td class=""zentriert"">04/03/2000 (22)</td>",<tr><td>Defensa</td></tr>,03,00
22,Lucas Espinosa ,"<td class=""zentriert"">18/01/2000 (22)</td>",<tr><td>Extremo derecho</td></tr>,01,00
0,Manuel Ugarte ,"<td class=""zentriert"">11/04/2001 (21)</td>",<tr><td>Pivote</td></tr>,04,01
1,Agustín Álvarez ,"<td class=""zentriert"">19/05/2001 (21)</td>",<tr><td>Delantero centro</td></tr>,05,01
2,Martín Satriano ,"<td class=""zentriert"">20/02/2001 (21)</td>",<tr><td>Delantero centro</td></tr>,02,01
3,Nicolás Marichal ,"<td class=""zentriert"">17/03/2001 (21)</td>",<tr><td>Defensa central</td></tr>,03,01
4,Facundo Pellistri ,"<td class=""zentriert"">20/12/2001 (20)</td>",<tr><td>Extremo derecho</td></tr>,12,01
5,César Araújo ,"<td class=""zentriert"">02/04/2001 (21)</td>",<tr><td>Pivote</td></tr>,04,01
6,Gonzalo Pérez ,"<td class=""zentriert"">04/01/2001 (21)</td>",<tr><td>Defensa central</td></tr>,01,01
7,Renzo Orihuela ,"<td class=""zentriert"">04/04/2001 (21)</td>",<tr><td>Defensa central</td></tr>,04,01
8,Valentín Rodríguez ,"<td class=""zentriert"">13/06/2001 (21)</td>",<tr><td>Lateral izquierdo</td></tr>,06,01
9,Kevin Rolón ,"<td class=""zentriert"">02/03/2001 (21)</td>",<tr><td>Lateral izquierdo</td></tr>,03,01
10,Matias Rocha ,"<td class=""zentriert"">13/02/2001 (21)</td>",<tr><td>Defensa central</td></tr>,02,01
11,Manuel Monzeglio ,"<td class=""zentriert"">25/09/2001 (21)</td>",<tr><td>Mediocentro ofensivo</td></tr>,09,01
12,Franco Pérez ,"<td class=""zentriert"">01/08/2001 (21)</td>",<tr><td>Extremo izquierdo</td></tr>,08,01
13,Lucas de los Santos ,"<td class=""zentriert"">26/07/2001 (21)</td>",<tr><td>Pivote</td></tr>,07,01
14,Lucas Núñez ,"<td class=""zentriert"">09/06/2001 (21)</td>",<tr><td>Pivote</td></tr>,06,01
15,Martín Fernández ,"<td class=""zentriert"">08/05/2001 (21)</td>",<tr><td>Mediocentro</td></tr>,05,01
16,Marco Mancebo ,"<td class=""zentriert"">02/05/2001 (21)</td>",<tr><td>Defensa central</td></tr>,05,01
17,Agustín Álvarez ,"<td class=""zentriert"">20/04/2001 (21)</td>",<tr><td>Mediocentro</td></tr>,04,01
18,Santiago Ramírez ,"<td class=""zentriert"">03/09/2001 (21)</td>",<tr><td>Delantero centro</td></tr>,09,01
19,Enzo Larrosa ,"<td class=""zentriert"">21/04/2001 (21)</td>",<tr><td>Delantero centro</td></tr>,04,01
20,Joaquín Valiente ,"<td class=""zentriert"">13/04/2001 (21)</td>",<tr><td>Mediocentro</td></tr>,04,01
21,Agustín Acosta ,"<td class=""zentriert"">17/02/2001 (21)</td>",<tr><td>Lateral izquierdo</td></tr>,02,01
22,Maximiliano Añasco ,"<td class=""zentriert"">04/05/2001 (21)</td>",<tr><td>Interior izquierdo</td></tr>,05,01
23,Agustín Pereira ,"<td class=""zentriert"">24/03/2001 (21)</td>",<tr><td>Lateral derecho</td></tr>,03,01
24,Franco Mederos ,"<td class=""zentriert"">27/08/2001 (21)</td>",<tr><td>Mediocentro ofensivo</td></tr>,08,01
0,Mateo Barcia ,"<td class=""zentriert"">19/02/2001 (21)</td>",<tr><td>Mediocentro ofensivo</td></tr>,02,01
1,Luciano Olaizola ,"<td class=""zentriert"">22/08/2001 (21)</td>",<tr><td>Extremo izquierdo</td></tr>,08,01
2,Fabrizio Correa ,"<td class=""zentriert"">18/01/2001 (21)</td>",<tr><td>Portero</td></tr>,01,01
3,Rodrigo Muniz ,"<td class=""zentriert"">01/09/2001 (21)</td>",<tr><td>Delantero centro</td></tr>,09,01
4,Matías Bentos-Pereira ,"<td class=""zentriert"">12/05/2001 (21)</td>",<tr><td>Defensa central</td></tr>,05,01
5,Agustín Amado ,"<td class=""zentriert"">06/02/2001 (21)</td>",<tr><td>Mediocentro</td></tr>,02,01
6,Maicol Borba ,"<td class=""zentriert"">09/05/2001 (21)</td>",<tr><td>Defensa central</td></tr>,05,01
7,Luciano Puentes ,"<td class=""zentriert"">26/09/2001 (21)</td>",<tr><td>Lateral izquierdo</td></tr>,09,01
8,Emiliano Álvarez ,"<td class=""zentriert"">06/02/2001 (21)</td>",<tr><td>Lateral derecho</td></tr>,02,01
9,Damián Silva ,"<td class=""zentriert"">22/03/2001 (21)</td>",<tr><td>Pivote</td></tr>,03,01
10,Esteban Da Silva ,"<td class=""zentriert"">10/03/2001 (21)</td>",<tr><td>Interior derecho</td></tr>,03,01
11,Facundo Silvera ,"<td class=""zentriert"">18/11/2001 (20)</td>",<tr><td>Extremo izquierdo</td></tr>,11,01
12,Guillermo Centurión ,"<td class=""zentriert"">23/07/2001 (21)</td>",<tr><td>Portero</td></tr>,07,01
13,Emiliano Gómez ,"<td class=""zentriert"">18/09/2001 (21)</td>",<tr><td>Mediapunta</td></tr>,09,01
14,Facundo Milán ,"<td class=""zentriert"">03/02/2001 (21)</td>",<tr><td>Delantero centro</td></tr>,02,01
15,Luciano Cosentino ,"<td class=""zentriert"">18/05/2001 (21)</td>",<tr><td>Extremo derecho</td></tr>,05,01
16,Sebastián Figueredo ,"<td class=""zentriert"">25/08/2001 (21)</td>",<tr><td>Lateral derecho</td></tr>,08,01
17,Facundo Porley ,"<td class=""zentriert"">25/07/2001 (21)</td>",<tr><td>Interior derecho</td></tr>,07,01
18,Enzo López ,"<td class=""zentriert"">11/03/2001 (21)</td>",<tr><td>Portero</td></tr>,03,01
19,Joaquín Avilés ,"<td class=""zentriert"">09/02/2001 (21)</td>",<tr><td>Delantero centro</td></tr>,02,01
20,Lautaro de León ,"<td class=""zentriert"">09/02/2001 (21)</td>",<tr><td>Delantero centro</td></tr>,02,01
21,Jairo O'Neil ,"<td class=""zentriert"">31/07/2001 (21)</td>",<tr><td>Lateral izquierdo</td></tr>,07,01
22,Fernando Prado ,"<td class=""zentriert"">21/03/2001 (21)</td>",<tr><td>Lateral izquierdo</td></tr>,03,01
23,Enzo Lemos ,"<td class=""zentriert"">21/01/2001 (21)</td>",<tr><td>Extremo izquierdo</td></tr>,01,01
24,Gerónimo Plada ,"<td class=""zentriert"">24/05/2001 (21)</td>",<tr><td>Mediocentro ofensivo</td></tr>,05,01
0,Isaac Méndez ,"<td class=""zentriert"">19/04/2001 (21)</td>",<tr><td>Pivote</td></tr>,04,01
1,Agustín Santurio ,"<td class=""zentriert"">02/05/2001 (21)</td>",<tr><td>Delantero centro</td></tr>,05,01
2,Franco O'Niell ,"<td class=""zentriert"">20/06/2001 (21)</td>",<tr><td>Extremo izquierdo</td></tr>,06,01
3,Nicolás Rodríguez ,"<td class=""zentriert"">01/05/2001 (21)</td>",<tr><td>Defensa central</td></tr>,05,01
4,Rodrigo Ferreyra ,"<td class=""zentriert"">02/02/2001 (21)</td>",<tr><td>Delantero centro</td></tr>,02,01
5,Leandro Aguilera ,"<td class=""zentriert"">21/07/2001 (21)</td>",<tr><td>Interior derecho</td></tr>,07,01
6,Fredy Martínez ,"<td class=""zentriert"">01/05/2001 (21)</td>",<tr><td>Lateral izquierdo</td></tr>,05,01
7,Álvaro Gracés ,"<td class=""zentriert"">10/02/2001 (21)</td>",<tr><td>Defensa central</td></tr>,02,01
8,Mateo Cantera ,"<td class=""zentriert"">20/03/2001 (21)</td>",<tr><td>Lateral derecho</td></tr>,03,01
9,Ismael García ,"<td class=""zentriert"">24/09/2001 (21)</td>",<tr><td>Defensa central</td></tr>,09,01
10,Franco Gaimarí ,"<td class=""zentriert"">22/07/2001 (21)</td>",<tr><td>Delantero</td></tr>,07,01
11,Agustín Pons ,"<td class=""zentriert"">10/05/2001 (21)</td>",<tr><td>Mediocentro</td></tr>,05,01
12,Juan Muguerza ,"<td class=""zentriert"">09/02/2001 (21)</td>",<tr><td>Interior derecho</td></tr>,02,01
13,Juan Millán ,"<td class=""zentriert"">13/08/2001 (21)</td>",<tr><td>Pivote</td></tr>,08,01
14,Stéfano Cetrulo ,"<td class=""zentriert"">03/11/2001 (20)</td>",<tr><td>Delantero centro</td></tr>,11,01
15,Franco Aranda ,"<td class=""zentriert"">02/05/2001 (21)</td>",<tr><td>Portero</td></tr>,05,01
16,Martín Jourdan ,"<td class=""zentriert"">13/10/2001 (21)</td>",<tr><td>Defensa central</td></tr>,10,01
17,Nicolás Rodríguez ,"<td class=""zentriert"">19/12/2001 (20)</td>",<tr><td>Lateral izquierdo</td></tr>,12,01
18,Marcos Paolini ,"<td class=""zentriert"">14/08/2001 (21)</td>",<tr><td>Defensa central</td></tr>,08,01
19,Hernán Espinosa ,"<td class=""zentriert"">02/09/2001 (21)</td>",<tr><td>Portero</td></tr>,09,01
20,Rafael Martínez ,"<td class=""zentriert"">24/11/2001 (20)</td>",<tr><td>Extremo izquierdo</td></tr>,11,01
21,Francisco Coirolo ,"<td class=""zentriert"">09/06/2001 (21)</td>",<tr><td>Portero</td></tr>,06,01
22,Fabricio Olivera ,"<td class=""zentriert"">20/05/2001 (21)</td>",<tr><td>Lateral derecho</td></tr>,05,01
23,Agustín Univaso ,"<td class=""zentriert"">11/04/2001 (21)</td>",<tr><td>Delantero centro</td></tr>,04,01
24,Ramiro Méndez ,"<td class=""zentriert"">07/01/2001 (21)</td>",<tr><td>Portero</td></tr>,01,01
0,Rodrigo Marín ,"<td class=""zentriert"">20/02/2001 (21)</td>",<tr><td>Extremo izquierdo</td></tr>,02,01
1,Alfredo Viera ,"<td class=""zentriert"">26/01/2001 (21)</td>",<tr><td>Delantero</td></tr>,01,01
2,Lucas Fernández ,"<td class=""zentriert"">23/08/2001 (21)</td>",<tr><td>Delantero centro</td></tr>,08,01
3,Facundo Bravo ,"<td class=""zentriert"">08/03/2001 (21)</td>",<tr><td>Extremo izquierdo</td></tr>,03,01
4,Alejo Pérez ,"<td class=""zentriert"">01/06/2001 (21)</td>",<tr><td>Extremo derecho</td></tr>,06,01
5,Vicente Mosquilo ,"<td class=""zentriert"">04/07/2001 (21)</td>",<tr><td>Delantero centro</td></tr>,07,01
6,Fabio González ,"<td class=""zentriert"">23/12/2001 (20)</td>",<tr><td>Interior derecho</td></tr>,12,01
7,Santiago Correa ,"<td class=""zentriert"">11/06/2001 (21)</td>",<tr><td>Mediapunta</td></tr>,06,01
8,Lautaro Pertusatti ,"<td class=""zentriert"">21/07/2001 (21)</td>",<tr><td>Lateral derecho</td></tr>,07,01
9,Lucas González ,"<td class=""zentriert"">18/11/2001 (20)</td>",<tr><td>Medio campo</td></tr>,11,01
10,Guillermo Duhalde ,"<td class=""zentriert"">11/11/2001 (20)</td>",<tr><td>Delantero centro</td></tr>,11,01
11,Juan Pablo Hernández ,"<td class=""zentriert"">21/06/2001 (21)</td>",<tr><td>Interior izquierdo</td></tr>,06,01
12,Agustín Moreira ,"<td class=""zentriert"">28/05/2001 (21)</td>",<tr><td>Delantero centro</td></tr>,05,01
13,Gastón Álvarez ,"<td class=""zentriert"">14/09/2001 (21)</td>",<tr><td>Mediapunta</td></tr>,09,01
14,Gianluca Colla ,"<td class=""zentriert"">10/01/2001 (21)</td>",<tr><td>Mediapunta</td></tr>,01,01
15,Tabaré Marichal ,"<td class=""zentriert"">01/12/2001 (20)</td>",<tr><td>Portero</td></tr>,12,01
16,Brian Mancini ,"<td class=""zentriert"">06/07/2001 (21)</td>",<tr><td>Portero</td></tr>,07,01
17,Braian Vargas ,"<td class=""zentriert"">20/04/2001 (21)</td>",<tr><td>Delantero centro</td></tr>,04,01
18,Franco Macchi ,"<td class=""zentriert"">20/06/2001 (21)</td>",<tr><td>Pivote</td></tr>,06,01
19,Fabricio Olivera ,"<td class=""zentriert"">28/09/2001 (21)</td>",<tr><td>Portero</td></tr>,09,01
20,Roberto Techera ,"<td class=""zentriert"">17/01/2001 (21)</td>",<tr><td>Pivote</td></tr>,01,01
21,Rodrigo Corbo ,"<td class=""zentriert"">14/11/2001 (20)</td>",<tr><td>Interior derecho</td></tr>,11,01
22,Darío Giovanoni ,"<td class=""zentriert"">06/01/2001 (21)</td>",<tr><td>Delantero centro</td></tr>,01,01
23,Brian Smith ,"<td class=""zentriert"">28/04/2001 (21)</td>",<tr><td>Lateral derecho</td></tr>,04,01
24,Fabio Sastre ,"<td class=""zentriert"">02/01/2001 (21)</td>",<tr><td>Mediocentro</td></tr>,01,01
0,Enzo Varela ,"<td class=""zentriert"">21/12/2001 (20)</td>",<tr><td>Mediocentro</td></tr>,12,01
1,Fernando Avelino ,"<td class=""zentriert"">21/03/2001 (21)</td>",<tr><td>Lateral izquierdo</td></tr>,03,01
2,Santiago López ,"<td class=""zentriert"">03/07/2001 (21)</td>",<tr><td>Portero</td></tr>,07,01
3,Matías Fernández ,"<td class=""zentriert"">09/06/2001 (21)</td>",<tr><td>Medio campo</td></tr>,06,01
4,Lucas Villalba ,"<td class=""zentriert"">11/05/2001 (21)</td>",<tr><td>Medio campo</td></tr>,05,01
5,José Martínez ,"<td class=""zentriert"">03/03/2001 (21)</td>",<tr><td>Delantero</td></tr>,03,01
6,Luciano Píriz ,"<td class=""zentriert"">08/10/2001 (21)</td>",<tr><td>Lateral derecho</td></tr>,10,01
7,Thiago Prosper ,"<td class=""zentriert"">30/05/2001 (21)</td>",<tr><td>Lateral izquierdo</td></tr>,05,01
8,Yosemil López ,"<td class=""zentriert"">28/02/2001 (21)</td>",<tr><td>Delantero</td></tr>,02,01
9,Agustín Tejera ,"<td class=""zentriert"">15/07/2001 (21)</td>",<tr><td>Extremo derecho</td></tr>,07,01
10,Douglas Perez ,"<td class=""zentriert"">24/08/2001 (21)</td>",<tr><td>Mediapunta</td></tr>,08,01
11,Zinedine Fischer ,"<td class=""zentriert"">23/02/2001 (21)</td>",<tr><td>Portero</td></tr>,02,01
12,Santiago Riveron ,"<td class=""zentriert"">11/03/2001 (21)</td>",<tr><td>Delantero centro</td></tr>,03,01
13,Nicolás Becerra ,"<td class=""zentriert"">07/05/2001 (21)</td>",<tr><td>Defensa</td></tr>,05,01
14,Luciano Baeza ,"<td class=""zentriert"">22/04/2001 (21)</td>",<tr><td>Defensa</td></tr>,04,01
15,Tiago Silva Sanchez ,"<td class=""zentriert"">01/10/2001 (21)</td>",<tr><td>Medio campo</td></tr>,10,01
16,Ángelo Carneiro ,"<td class=""zentriert"">17/07/2001 (21)</td>",<tr><td>Medio campo</td></tr>,07,01
17,Axel Amoros ,"<td class=""zentriert"">12/05/2001 (21)</td>",<tr><td>Portero</td></tr>,05,01
18,Marcos Lemos ,"<td class=""zentriert"">15/01/2001 (21)</td>",<tr><td>Delantero</td></tr>,01,01
19,Gastón Mautone ,"<td class=""zentriert"">16/08/2001 (21)</td>",<tr><td>Medio campo</td></tr>,08,01
20,Rodrigo Moreira ,"<td class=""zentriert"">23/02/2001 (21)</td>",<tr><td>Delantero</td></tr>,02,01
21,Jimmy Pereira ,"<td class=""zentriert"">26/11/2001 (20)</td>",<tr><td>Pivote</td></tr>,11,01
22,Nahuel González ,"<td class=""zentriert"">18/05/2001 (21)</td>",<tr><td>Portero</td></tr>,05,01
23,Sebastián Espalter ,"<td class=""zentriert"">25/10/2001 (20)</td>",<tr><td>Pivote</td></tr>,10,01
24,Kevin Álvez ,"<td class=""zentriert"">23/07/2001 (21)</td>",<tr><td>Portero</td></tr>,07,01
0,Federico Pintado ,"<td class=""zentriert"">18/05/2001 (21)</td>",<tr><td>Portero</td></tr>,05,01
0,Matías Arezo ,"<td class=""zentriert"">21/11/2002 (19)</td>",<tr><td>Delantero centro</td></tr>,11,02
1,Thiago Borbas ,"<td class=""zentriert"">07/04/2002 (20)</td>",<tr><td>Delantero centro</td></tr>,04,02
2,Joaquín Sosa ,"<td class=""zentriert"">10/01/2002 (20)</td>",<tr><td>Defensa central</td></tr>,01,02
3,Vicente Poggi ,"<td class=""zentriert"">11/07/2002 (20)</td>",<tr><td>Pivote</td></tr>,07,02
4,Pedro Milans ,"<td class=""zentriert"">24/03/2002 (20)</td>",<tr><td>Lateral derecho</td></tr>,03,02
5,Alexander Machado ,"<td class=""zentriert"">28/05/2002 (20)</td>",<tr><td>Delantero centro</td></tr>,05,02
6,Matías Ocampo ,"<td class=""zentriert"">14/03/2002 (20)</td>",<tr><td>Interior derecho</td></tr>,03,02
7,Adrian Vila ,"<td class=""zentriert"">01/01/2002 (20)</td>",<tr><td>Mediocentro</td></tr>,01,02
8,Guillermo Wagner ,"<td class=""zentriert"">09/01/2002 (20)</td>",<tr><td>Mediocentro</td></tr>,01,02
9,Nicolás Ferreira ,"<td class=""zentriert"">07/02/2002 (20)</td>",<tr><td>Extremo izquierdo</td></tr>,02,02
10,Francisco Barrios ,"<td class=""zentriert"">19/02/2002 (20)</td>",<tr><td>Mediocentro</td></tr>,02,02
11,Máximo Alonso ,"<td class=""zentriert"">05/07/2002 (20)</td>",<tr><td>Extremo izquierdo</td></tr>,07,02
12,Axel Prado ,"<td class=""zentriert"">17/11/2002 (19)</td>",<tr><td>Defensa central</td></tr>,11,02
13,Santiago Cartagena ,"<td class=""zentriert"">01/09/2002 (20)</td>",<tr><td>Pivote</td></tr>,09,02
14,Cristian Olivera ,"<td class=""zentriert"">17/04/2002 (20)</td>",<tr><td>Extremo derecho</td></tr>,04,02
15,Juan Gutiérrez ,"<td class=""zentriert"">04/02/2002 (20)</td>",<tr><td>Delantero centro</td></tr>,02,02
16,Emiliano Vidart ,"<td class=""zentriert"">05/04/2002 (20)</td>",<tr><td>Mediocentro</td></tr>,04,02
17,Maximiliano Juambeltz ,"<td class=""zentriert"">09/06/2002 (20)</td>",<tr><td>Delantero centro</td></tr>,06,02
18,Óscar Cruz ,"<td class=""zentriert"">04/04/2002 (20)</td>",<tr><td>Delantero centro</td></tr>,04,02
19,Alan Acevedo ,"<td class=""zentriert"">28/01/2002 (20)</td>",<tr><td>Lateral derecho</td></tr>,01,02
20,Anthony Hernández ,"<td class=""zentriert"">20/07/2002 (20)</td>",<tr><td>Portero</td></tr>,07,02
21,Dylan Nandín ,"<td class=""zentriert"">28/02/2002 (20)</td>",<tr><td>Delantero centro</td></tr>,02,02
22,Brian Mansilla ,"<td class=""zentriert"">14/05/2002 (20)</td>",<tr><td>Extremo izquierdo</td></tr>,05,02
23,Diego Méndez ,"<td class=""zentriert"">27/07/2002 (20)</td>",<tr><td>Extremo derecho</td></tr>,07,02
24,Alexander González ,"<td class=""zentriert"">08/08/2002 (20)</td>",<tr><td>Delantero centro</td></tr>,08,02
0,Facundo Trinidad ,"<td class=""zentriert"">14/04/2002 (20)</td>",<tr><td>Extremo izquierdo</td></tr>,04,02
1,Álex Vázquez ,"<td class=""zentriert"">09/03/2002 (20)</td>",<tr><td>Mediocentro ofensivo</td></tr>,03,02
2,Ignacio Velázquez ,"<td class=""zentriert"">31/10/2002 (19)</td>",<tr><td>Lateral izquierdo</td></tr>,10,02
3,Sebastián De Marco ,"<td class=""zentriert"">22/01/2002 (20)</td>",<tr><td>Extremo izquierdo</td></tr>,01,02
4,Matías Cabrera ,"<td class=""zentriert"">08/03/2002 (20)</td>",<tr><td>Mediocentro</td></tr>,03,02
5,Matías Ferreira ,"<td class=""zentriert"">19/02/2002 (20)</td>",<tr><td>Mediocentro ofensivo</td></tr>,02,02
6,Enzo Facchin ,"<td class=""zentriert"">13/02/2002 (20)</td>",<tr><td>Extremo izquierdo</td></tr>,02,02
7,Bruno Barja ,"<td class=""zentriert"">16/09/2002 (20)</td>",<tr><td>Delantero centro</td></tr>,09,02
8,Axel Pérez ,"<td class=""zentriert"">18/02/2002 (20)</td>",<tr><td>Extremo derecho</td></tr>,02,02
9,Santiago Corbo ,"<td class=""zentriert"">29/06/2002 (20)</td>",<tr><td>Lateral derecho</td></tr>,06,02
10,Luis Guedes ,"<td class=""zentriert"">11/02/2002 (20)</td>",<tr><td>Extremo izquierdo</td></tr>,02,02
11,Nahuel Soria ,"<td class=""zentriert"">23/01/2002 (20)</td>",<tr><td>Delantero centro</td></tr>,01,02
12,Nahuel Fagián ,"<td class=""zentriert"">24/08/2002 (20)</td>",<tr><td>Extremo derecho</td></tr>,08,02
13,Logan Ponce ,"<td class=""zentriert"">25/01/2002 (20)</td>",<tr><td>Defensa central</td></tr>,01,02
14,Agustín Barcellos ,"<td class=""zentriert"">21/05/2002 (20)</td>",<tr><td>Lateral izquierdo</td></tr>,05,02
15,Matías Cortizas ,"<td class=""zentriert"">20/02/2002 (20)</td>",<tr><td>Defensa central</td></tr>,02,02
16,Luciano Fernández ,"<td class=""zentriert"">16/02/2002 (20)</td>",<tr><td>Lateral derecho</td></tr>,02,02
17,Enzo Siri ,"<td class=""zentriert"">09/03/2002 (20)</td>",<tr><td>Defensa central</td></tr>,03,02
18,Dylan Garat ,"<td class=""zentriert"">10/02/2002 (20)</td>",<tr><td>Mediocentro ofensivo</td></tr>,02,02
19,Nicolás Rossi ,"<td class=""zentriert"">21/03/2002 (20)</td>",<tr><td>Extremo izquierdo</td></tr>,03,02
20,Franco Nicola ,"<td class=""zentriert"">18/04/2002 (20)</td>",<tr><td>Delantero centro</td></tr>,04,02
21,Alan Aranda ,"<td class=""zentriert"">13/03/2002 (20)</td>",<tr><td>Mediocentro ofensivo</td></tr>,03,02
22,Agustín Alaniz ,"<td class=""zentriert"">16/05/2002 (20)</td>",<tr><td>Extremo derecho</td></tr>,05,02
23,Yordi López ,"<td class=""zentriert"">17/06/2002 (20)</td>",<tr><td>Medio campo</td></tr>,06,02
24,Valentín Adamo ,"<td class=""zentriert"">04/05/2002 (20)</td>",<tr><td>Delantero centro</td></tr>,05,02
0,Matías González ,"<td class=""zentriert"">29/11/2002 (19)</td>",<tr><td>Defensa central</td></tr>,11,02
1,Santiago Marcel ,"<td class=""zentriert"">17/03/2002 (20)</td>",<tr><td>Mediocentro</td></tr>,03,02
2,Santiago Mouriño ,"<td class=""zentriert"">13/02/2002 (20)</td>",<tr><td>Defensa central</td></tr>,02,02
3,Agustín Molina ,"<td class=""zentriert"">06/02/2002 (20)</td>",<tr><td>Medio campo</td></tr>,02,02
4,Facundo Saravia ,"<td class=""zentriert"">09/09/2002 (20)</td>",<tr><td>Interior izquierdo</td></tr>,09,02
5,Guillermo Pereira ,"<td class=""zentriert"">03/07/2002 (20)</td>",<tr><td>Defensa central</td></tr>,07,02
6,Agustín Da Rocha ,"<td class=""zentriert"">25/01/2002 (20)</td>",<tr><td>Mediocentro ofensivo</td></tr>,01,02
7,Ignacio Suárez ,"<td class=""zentriert"">05/02/2002 (20)</td>",<tr><td>Portero</td></tr>,02,02
8,Lukas González ,"<td class=""zentriert"">11/02/2002 (20)</td>",<tr><td>Portero</td></tr>,02,02
9,Luis Femia ,"<td class=""zentriert"">27/05/2002 (20)</td>",<tr><td>Delantero</td></tr>,05,02
10,Facundo Campoy ,"<td class=""zentriert"">14/09/2002 (20)</td>",<tr><td>Medio campo</td></tr>,09,02
11,Lucas Píriz ,"<td class=""zentriert"">18/03/2002 (20)</td>",<tr><td>Delantero</td></tr>,03,02
12,Felipe Celli ,"<td class=""zentriert"">13/07/2002 (20)</td>",<tr><td>Mediocentro</td></tr>,07,02
13,Facundo González ,"<td class=""zentriert"">13/10/2002 (20)</td>",<tr><td>Delantero</td></tr>,10,02
14,Mauricio Núñez ,"<td class=""zentriert"">29/01/2002 (20)</td>",<tr><td>Mediocentro ofensivo</td></tr>,01,02
15,Ignacio Barbosa ,"<td class=""zentriert"">02/09/2002 (20)</td>",<tr><td>Lateral derecho</td></tr>,09,02
16,Bruno Todaro ,"<td class=""zentriert"">08/09/2002 (20)</td>",<tr><td>Medio campo</td></tr>,09,02
17,Christian Silveira ,"<td class=""zentriert"">01/02/2002 (20)</td>",<tr><td>Medio campo</td></tr>,02,02
18,Diego Sánchez ,"<td class=""zentriert"">03/06/2002 (20)</td>",<tr><td>Extremo izquierdo</td></tr>,06,02
19,Santiago Aguilar ,"<td class=""zentriert"">18/02/2002 (20)</td>",<tr><td>Lateral izquierdo</td></tr>,02,02
20,Bruno Pintos ,"<td class=""zentriert"">26/08/2002 (20)</td>",<tr><td>Interior izquierdo</td></tr>,08,02
21,Federico Hernández ,"<td class=""zentriert"">20/03/2002 (20)</td>",<tr><td>Portero</td></tr>,03,02
22,Santiago Pintos ,"<td class=""zentriert"">24/05/2002 (20)</td>",<tr><td>Medio campo</td></tr>,05,02
23,Lucas Acosta ,"<td class=""zentriert"">26/01/2002 (20)</td>",<tr><td>Delantero centro</td></tr>,01,02
24,Guillermo Gandolfo ,"<td class=""zentriert"">13/08/2002 (20)</td>",<tr><td>Medio campo</td></tr>,08,02
0,Agustín Añasco ,"<td class=""zentriert"">08/01/2002 (20)</td>",<tr><td>Portero</td></tr>,01,02
1,Franco Rodríguez ,"<td class=""zentriert"">12/12/2002 (19)</td>",<tr><td>Portero</td></tr>,12,02
2,Nahuel Segovia ,"<td class=""zentriert"">10/03/2002 (20)</td>",<tr><td>Defensa central</td></tr>,03,02
3,Agustín Díaz ,"<td class=""zentriert"">06/05/2002 (20)</td>",<tr><td>Mediocentro</td></tr>,05,02
4,Jerónimo Larrauri ,"<td class=""zentriert"">11/07/2002 (20)</td>",<tr><td>Pivote</td></tr>,07,02
5,Iván Bonifazi ,"<td class=""zentriert"">07/03/2002 (20)</td>",<tr><td>Portero</td></tr>,03,02
6,Francisco Bilbao ,"<td class=""zentriert"">06/03/2002 (20)</td>",<tr><td>Medio campo</td></tr>,03,02
7,Sebastián da Silva ,"<td class=""zentriert"">28/04/2002 (20)</td>",<tr><td>Medio campo</td></tr>,04,02
8,Mateo Demarco ,"<td class=""zentriert"">20/08/2002 (20)</td>",<tr><td>Delantero centro</td></tr>,08,02
9,Emerson Tejera ,"<td class=""zentriert"">23/05/2002 (20)</td>",<tr><td>Extremo izquierdo</td></tr>,05,02
10,Alexis Piegas ,"<td class=""zentriert"">11/02/2002 (20)</td>",<tr><td>Defensa central</td></tr>,02,02
11,Mateo Torres ,"<td class=""zentriert"">27/02/2002 (20)</td>",<tr><td>Medio campo</td></tr>,02,02
12,Alan Saldivia ,"<td class=""zentriert"">06/04/2002 (20)</td>",<tr><td>Defensa central</td></tr>,04,02
13,Ademir Silva ,"<td class=""zentriert"">16/11/2002 (19)</td>",<tr><td>Mediocentro</td></tr>,11,02
14,Pablo López ,"<td class=""zentriert"">01/03/2002 (20)</td>",<tr><td>Defensa central</td></tr>,03,02
15,Francisco Sagardia ,"<td class=""zentriert"">21/05/2002 (20)</td>",<tr><td>Delantero centro</td></tr>,05,02
16,Diego Bonilla ,"<td class=""zentriert"">11/02/2002 (20)</td>",<tr><td>Delantero centro</td></tr>,02,02
17,Felipe Villalba ,"<td class=""zentriert"">23/10/2002 (20)</td>",<tr><td>Delantero centro</td></tr>,10,02
18,Santiago Franca ,"<td class=""zentriert"">26/10/2002 (19)</td>",<tr><td>Lateral izquierdo</td></tr>,10,02
19,Ismael Zeballos ,"<td class=""zentriert"">15/06/2002 (20)</td>",<tr><td>Delantero centro</td></tr>,06,02
20,Santiago Álvez ,"<td class=""zentriert"">13/07/2002 (20)</td>",<tr><td>Medio campo</td></tr>,07,02
21,Maximo Diaz ,"<td class=""zentriert"">06/05/2002 (20)</td>",<tr><td>Medio campo</td></tr>,05,02
22,Nelson Rotela ,"<td class=""zentriert"">29/09/2002 (20)</td>",<tr><td>Delantero centro</td></tr>,09,02
23,Daniel Perdomo ,"<td class=""zentriert"">12/04/2002 (20)</td>",<tr><td>Mediocentro</td></tr>,04,02
24,Maximiliano Camargo ,"<td class=""zentriert"">28/04/2002 (20)</td>",<tr><td>Extremo izquierdo</td></tr>,04,02
0,Thiago Nascente ,"<td class=""zentriert"">12/02/2002 (20)</td>",<tr><td>Delantero centro</td></tr>,02,02
1,Elías Salazar ,"<td class=""zentriert"">13/02/2002 (20)</td>",<tr><td>Mediocentro</td></tr>,02,02
2,Álex Duhalde ,"<td class=""zentriert"">02/09/2002 (20)</td>",<tr><td>Delantero</td></tr>,09,02
3,Martín Taberne ,"<td class=""zentriert"">03/11/2002 (19)</td>",<tr><td>Delantero</td></tr>,11,02
4,Nahuel Delgado ,"<td class=""zentriert"">15/01/2002 (20)</td>",<tr><td>Delantero centro</td></tr>,01,02
5,Valentino Acosta ,"<td class=""zentriert"">26/04/2002 (20)</td>",<tr><td>Lateral derecho</td></tr>,04,02
6,Hebert Vergara ,"<td class=""zentriert"">22/03/2002 (20)</td>",<tr><td>Delantero centro</td></tr>,03,02
7,Rodrigo Fernández ,"<td class=""zentriert"">25/08/2002 (20)</td>",<tr><td>Portero</td></tr>,08,02
8,Braulio Guisolfo ,"<td class=""zentriert"">07/05/2002 (20)</td>",<tr><td>Pivote</td></tr>,05,02
0,Fabricio Díaz ,"<td class=""zentriert"">03/02/2003 (19)</td>",<tr><td>Pivote</td></tr>,02,03
1,Nicolás Siri ,"<td class=""zentriert"">17/04/2004 (18)</td>",<tr><td>Delantero centro</td></tr>,04,04
2,Alan Matturro ,"<td class=""zentriert"">11/10/2004 (18)</td>",<tr><td>Defensa central</td></tr>,10,04
3,Martín Fernández ,"<td class=""zentriert"">23/06/2003 (19)</td>",<tr><td>Mediocentro ofensivo</td></tr>,06,03
4,Augusto Scarone ,"<td class=""zentriert"">03/06/2004 (18)</td>",<tr><td>Mediapunta</td></tr>,06,04
5,Ignacio Sosa ,"<td class=""zentriert"">31/08/2003 (19)</td>",<tr><td>Pivote</td></tr>,08,03
6,Luciano Rodríguez ,"<td class=""zentriert"">16/07/2003 (19)</td>",<tr><td>Delantero centro</td></tr>,07,03
7,Kevin Alaniz ,"<td class=""zentriert"">30/01/2003 (19)</td>",<tr><td>Mediocentro ofensivo</td></tr>,01,03
8,Joaquín Fernández ,"<td class=""zentriert"">08/02/2003 (19)</td>",<tr><td>Pivote</td></tr>,02,03
9,Facundo Bernal ,"<td class=""zentriert"">21/08/2003 (19)</td>",<tr><td>Pivote</td></tr>,08,03
10,Pablo Furtado ,"<td class=""zentriert"">04/02/2004 (18)</td>",<tr><td>Mediocentro ofensivo</td></tr>,02,04
11,Facundo González ,"<td class=""zentriert"">06/07/2003 (19)</td>",<tr><td>Defensa central</td></tr>,07,03
12,Emiliano Rodríguez ,"<td class=""zentriert"">16/07/2003 (19)</td>",<tr><td>Delantero centro</td></tr>,07,03
13,Santiago Silva ,"<td class=""zentriert"">20/08/2004 (18)</td>",<tr><td>Mediocentro</td></tr>,08,04
14,Mateo Ponte ,"<td class=""zentriert"">24/05/2003 (19)</td>",<tr><td>Lateral derecho</td></tr>,05,03
15,Nicolás Fernández ,"<td class=""zentriert"">06/02/2003 (19)</td>",<tr><td>Mediapunta</td></tr>,02,03
16,Matías Abaldo ,"<td class=""zentriert"">02/04/2004 (18)</td>",<tr><td>Mediapunta</td></tr>,04,04
17,Mathías De Ritis  ,"<td class=""zentriert"">31/01/2003 (19)</td>",<tr><td>Lateral izquierdo</td></tr>,01,03
18,Santiago Homenchenko ,"<td class=""zentriert"">30/08/2003 (19)</td>",<tr><td>Pivote</td></tr>,08,03
19,Martín Suarez ,"<td class=""zentriert"">16/06/2004 (18)</td>",<tr><td>Lateral derecho</td></tr>,06,04
20,José Ávila ,"<td class=""zentriert"">19/05/2003 (19)</td>",<tr><td>Defensa central</td></tr>,05,03
21,Juan Cruz de los Santos ,"<td class=""zentriert"">22/02/2003 (19)</td>",<tr><td>Delantero centro</td></tr>,02,03
22,Damián García ,"<td class=""zentriert"">15/07/2003 (19)</td>",<tr><td>Pivote</td></tr>,07,03
23,Nicolás Wunsch ,"<td class=""zentriert"">14/06/2003 (19)</td>",<tr><td>Mediocentro ofensivo</td></tr>,06,03
24,Franco González ,"<td class=""zentriert"">22/06/2004 (18)</td>",<tr><td>Mediocentro ofensivo</td></tr>,06,04
0,Anthony Aires ,"<td class=""zentriert"">18/05/2004 (18)</td>",<tr><td>Extremo derecho</td></tr>,05,04
1,Rodrigo Rey ,"<td class=""zentriert"">18/10/2004 (18)</td>",<tr><td>Delantero centro</td></tr>,10,04
2,Juan Escobar ,"<td class=""zentriert"">13/02/2003 (19)</td>",<tr><td>Medio campo</td></tr>,02,03
3,Fabricio Vidal ,"<td class=""zentriert"">20/03/2003 (19)</td>",<tr><td>Defensa central</td></tr>,03,03
4,Luca Guichón ,"<td class=""zentriert"">16/11/2003 (18)</td>",<tr><td>Mediocentro ofensivo</td></tr>,11,03
5,Rafael Hornos ,"<td class=""zentriert"">05/11/2004 (17)</td>",<tr><td>Portero</td></tr>,11,04
6,Andrés Ferrari ,"<td class=""zentriert"">03/01/2003 (19)</td>",<tr><td>Delantero centro</td></tr>,01,03
7,Renzo Sánchez ,"<td class=""zentriert"">17/02/2004 (18)</td>",<tr><td>Extremo derecho</td></tr>,02,04
8,Ángel Maciel ,"<td class=""zentriert"">25/04/2003 (19)</td>",<tr><td>Portero</td></tr>,04,03
9,Anderson Duarte ,"<td class=""zentriert"">23/03/2004 (18)</td>",<tr><td>Extremo izquierdo</td></tr>,03,04
10,Sebastián Boselli ,"<td class=""zentriert"">04/12/2003 (18)</td>",<tr><td>Lateral derecho</td></tr>,12,03
11,Lucas Dogliotti ,"<td class=""zentriert"">27/06/2004 (18)</td>",<tr><td>Medio campo</td></tr>,06,04
12,Tadeo Rodríguez ,"<td class=""zentriert"">01/01/2003 (19)</td>",<tr><td>Extremo izquierdo</td></tr>,01,03
13,Joel Poiso ,"<td class=""zentriert"">26/06/2004 (18)</td>",<tr><td>Lateral derecho</td></tr>,06,04
14,Agustín Rodríguez ,"<td class=""zentriert"">10/01/2004 (18)</td>",<tr><td>Delantero centro</td></tr>,01,04
15,Randall Rodríguez ,"<td class=""zentriert"">29/11/2003 (18)</td>",<tr><td>Portero</td></tr>,11,03
16,Kevin Altez ,"<td class=""zentriert"">15/12/2004 (17)</td>",<tr><td>Mediocentro ofensivo</td></tr>,12,04
17,Bruno Morales ,"<td class=""zentriert"">10/12/2004 (17)</td>",<tr><td>Delantero centro</td></tr>,12,04
18,Bruno Airaldi ,"<td class=""zentriert"">24/08/2004 (18)</td>",<tr><td>Delantero</td></tr>,08,04
19,Nicolás Gómez ,"<td class=""zentriert"">27/11/2003 (18)</td>",<tr><td>Medio campo</td></tr>,11,03
20,Eduardo Acuña ,"<td class=""zentriert"">17/07/2003 (19)</td>",<tr><td>Delantero</td></tr>,07,03
21,Facundo Sosa ,"<td class=""zentriert"">17/01/2003 (19)</td>",<tr><td>Delantero centro</td></tr>,01,03
22,Emiliano Melo ,"<td class=""zentriert"">26/05/2003 (19)</td>",<tr><td>Delantero centro</td></tr>,05,03
23,Simón Bentancur ,"<td class=""zentriert"">23/04/2003 (19)</td>",<tr><td>Defensa</td></tr>,04,03
24,Diego Baccino ,"<td class=""zentriert"">19/04/2003 (19)</td>",<tr><td>Extremo derecho</td></tr>,04,03
0,Bruno Antúnez ,"<td class=""zentriert"">31/01/2003 (19)</td>",<tr><td>Portero</td></tr>,01,03
1,Diney Ramírez ,"<td class=""zentriert"">13/05/2004 (18)</td>",<tr><td>Delantero centro</td></tr>,05,04
2,Santiago Cappi ,"<td class=""zentriert"">23/05/2003 (19)</td>",<tr><td>Defensa central</td></tr>,05,03
3,Santiago Milano ,"<td class=""zentriert"">12/02/2003 (19)</td>",<tr><td>Pivote</td></tr>,02,03
4,Nicolás Fuica ,"<td class=""zentriert"">03/05/2004 (18)</td>",<tr><td>Defensa central</td></tr>,05,04
5,Alexander García ,"<td class=""zentriert"">06/07/2004 (18)</td>",<tr><td>Extremo izquierdo</td></tr>,07,04
6,Leandro Méndez ,"<td class=""zentriert"">06/03/2003 (19)</td>",<tr><td>Mediocentro ofensivo</td></tr>,03,03
7,Gonzalo Pelúa ,"<td class=""zentriert"">05/06/2003 (19)</td>",<tr><td>Mediapunta</td></tr>,06,03
8,Pablo Cristaldo ,"<td class=""zentriert"">28/06/2003 (19)</td>",<tr><td>Defensa central</td></tr>,06,03
9,Federico Varese ,"<td class=""zentriert"">25/03/2003 (19)</td>",<tr><td>Portero</td></tr>,03,03
10,Ignacio Lema ,"<td class=""zentriert"">24/01/2003 (19)</td>",<tr><td>Medio campo</td></tr>,01,03
11,Axel Alzogaray ,"<td class=""zentriert"">05/04/2003 (19)</td>",<tr><td>Portero</td></tr>,04,03
12,Darío Rodríguez ,"<td class=""zentriert"">08/01/2003 (19)</td>",<tr><td>Defensa central</td></tr>,01,03
13,Ezequiel Berriel ,"<td class=""zentriert"">07/01/2003 (19)</td>",<tr><td>Delantero centro</td></tr>,01,03
14,Rodrigo Pérez ,"<td class=""zentriert"">17/10/2003 (19)</td>",<tr><td>Delantero</td></tr>,10,03
15,Axel Ripa ,"<td class=""zentriert"">08/07/2004 (18)</td>",<tr><td>Pivote</td></tr>,07,04
16,Nahuel Núñez ,"<td class=""zentriert"">14/10/2003 (19)</td>",<tr><td>Delantero</td></tr>,10,03
17,Hernán Sarquis ,"<td class=""zentriert"">18/09/2003 (19)</td>",<tr><td>Portero</td></tr>,09,03
18,Eduardo Agüero ,"<td class=""zentriert"">14/02/2004 (18)</td>",<tr><td>Defensa central</td></tr>,02,04
19,Sebastián Jaume ,"<td class=""zentriert"">26/06/2004 (18)</td>",<tr><td>Portero</td></tr>,06,04
20,Juan Manuel Martín ,"<td class=""zentriert"">28/09/2003 (19)</td>",<tr><td>Mediocentro</td></tr>,09,03
21,Ignacio Gonella ,"<td class=""zentriert"">19/11/2004 (17)</td>",<tr><td>Delantero</td></tr>,11,04
22,Julián Pou ,"<td class=""zentriert"">21/11/2003 (18)</td>",<tr><td>Lateral derecho</td></tr>,11,03
23,Ignacio Sosa ,"<td class=""zentriert"">05/09/2004 (18)</td>",<tr><td>Portero</td></tr>,09,04
24,Maizon Rodríguez ,"<td class=""zentriert"">22/05/2003 (19)</td>",<tr><td>Defensa</td></tr>,05,03
0,Thiago Espinosa ,"<td class=""zentriert"">09/11/2004 (17)</td>",<tr><td>Defensa</td></tr>,11,04
1,Mateo Carrizo ,"<td class=""zentriert"">05/09/2003 (19)</td>",<tr><td>Medio campo</td></tr>,09,03
2,Kevin Amaro ,"<td class=""zentriert"">03/03/2004 (18)</td>",<tr><td>Lateral derecho</td></tr>,03,04
3,Francisco Martinicorena ,"<td class=""zentriert"">09/02/2004 (18)</td>",<tr><td>Delantero centro</td></tr>,02,04
4,Thiago Segovia ,"<td class=""zentriert"">06/08/2004 (18)</td>",<tr><td>Delantero</td></tr>,08,04
5,Áxel Rodríguez ,"<td class=""zentriert"">04/10/2004 (18)</td>",<tr><td>Medio campo</td></tr>,10,04
6,Rodrigo Chagas ,"<td class=""zentriert"">20/08/2003 (19)</td>",<tr><td>Interior derecho</td></tr>,08,03
7,Valentín Gauthier ,"<td class=""zentriert"">08/08/2003 (19)</td>",<tr><td>Defensa central</td></tr>,08,03
8,Mauricio Sosa ,"<td class=""zentriert"">18/03/2004 (18)</td>",<tr><td>Portero</td></tr>,03,04
9,Matías Silva ,"<td class=""zentriert"">19/09/2004 (18)</td>",<tr><td>Mediocentro ofensivo</td></tr>,09,04
10,Alexis González ,"<td class=""zentriert"">16/07/2004 (18)</td>",<tr><td>Medio campo</td></tr>,07,04
11,Benjamín Rodríguez ,"<td class=""zentriert"">31/01/2003 (19)</td>",<tr><td>Extremo derecho</td></tr>,01,03
12,Juancho Villegas ,"<td class=""zentriert"">14/01/2003 (19)</td>",<tr><td>Defensa central</td></tr>,01,03
13,Juan Pablo Doncel ,"<td class=""zentriert"">10/09/2003 (19)</td>",<tr><td>Defensa central</td></tr>,09,03
14,José Arbio ,"<td class=""zentriert"">21/01/2003 (19)</td>",<tr><td>Portero</td></tr>,01,03
15,Santiago Otegui ,"<td class=""zentriert"">17/01/2003 (19)</td>",<tr><td>Lateral izquierdo</td></tr>,01,03
16,Juan Manuel Jorge ,"<td class=""zentriert"">22/04/2004 (18)</td>",<tr><td>Mediocentro</td></tr>,04,04
17,Lucas Viana ,"<td class=""zentriert"">09/02/2004 (18)</td>",<tr><td>Delantero centro</td></tr>,02,04
18,Franco Suárez ,"<td class=""zentriert"">22/09/2003 (19)</td>",<tr><td>Mediocentro</td></tr>,09,03
19,Santiago Díaz ,"<td class=""zentriert"">31/08/2003 (19)</td>",<tr><td>Extremo izquierdo</td></tr>,08,03
20,Nahuel De Armas ,"<td class=""zentriert"">07/03/2003 (19)</td>",<tr><td>Mediocentro</td></tr>,03,03
21,Joaquín Ferreira ,"<td class=""zentriert"">02/07/2003 (19)</td>",<tr><td>Lateral derecho</td></tr>,07,03
22,Kevin Morgan ,"<td class=""zentriert"">11/02/2004 (18)</td>",<tr><td>Portero</td></tr>,02,04
23,Mateo Urrutia ,"<td class=""zentriert"">02/06/2003 (19)</td>",<tr><td>Defensa central</td></tr>,06,03
24,Gastón Aguirre ,"<td class=""zentriert"">24/03/2003 (19)</td>",<tr><td>Defensa central</td></tr>,03,03
0,Joakim Baldovino ,"<td class=""zentriert"">25/07/2004 (18)</td>",<tr><td>Delantero</td></tr>,07,04
1,Axl Velázquez ,"<td class=""zentriert"">25/12/2004 (17)</td>",<tr><td>Mediocentro ofensivo</td></tr>,12,04
2,Germán Barrios ,"<td class=""zentriert"">26/01/2004 (18)</td>",<tr><td>Mediocentro</td></tr>,01,04
3,Andrés Madruga ,"<td class=""zentriert"">06/02/2004 (18)</td>",<tr><td>Defensa</td></tr>,02,04
4,Franco Correa ,"<td class=""zentriert"">01/07/2004 (18)</td>",<tr><td>Extremo izquierdo</td></tr>,07,04
5,Ulises Márquez ,"<td class=""zentriert"">28/02/2004 (18)</td>",<tr><td>Lateral derecho</td></tr>,02,04
6,Ramiro Recoba ,"<td class=""zentriert"">14/09/2004 (18)</td>",<tr><td>Defensa central</td></tr>,09,04
7,Gonzalo Capdevielle ,"<td class=""zentriert"">30/08/2003 (19)</td>",<tr><td>Defensa central</td></tr>,08,03
8,Maximiliano Burruzo ,"<td class=""zentriert"">13/01/2003 (19)</td>",<tr><td>Delantero</td></tr>,01,03
9,Andrée Gonzalez ,"<td class=""zentriert"">02/11/2004 (17)</td>",<tr><td>Portero</td></tr>,11,04
10,Agustín Lema ,"<td class=""zentriert"">10/02/2004 (18)</td>",<tr><td>Defensa</td></tr>,02,04
11,Facundo Méndez ,"<td class=""zentriert"">23/07/2004 (18)</td>",<tr><td>Portero</td></tr>,07,04
12,Nahuel Barboza ,"<td class=""zentriert"">14/03/2003 (19)</td>",<tr><td>Interior izquierdo</td></tr>,03,03
13,Luciano Aberasteguy ,"<td class=""zentriert"">26/05/2003 (19)</td>",<tr><td>Extremo derecho</td></tr>,05,03
14,Lucas Zeballos ,"<td class=""zentriert"">01/05/2003 (19)</td>",<tr><td>Medio campo</td></tr>,05,03
15,Garciano Quevedo ,"<td class=""zentriert"">31/01/2003 (19)</td>",<tr><td>Mediocentro</td></tr>,01,03
16,Diego de los Santos ,"<td class=""zentriert"">03/03/2003 (19)</td>",<tr><td>Delantero</td></tr>,03,03
17,Ignacio Pintos ,"<td class=""zentriert"">24/08/2004 (18)</td>",<tr><td>Pivote</td></tr>,08,04
18,Rodrigo Cabrera ,"<td class=""zentriert"">07/08/2004 (18)</td>",<tr><td>Lateral derecho</td></tr>,08,04
19,Facundo Machado ,"<td class=""zentriert"">19/01/2004 (18)</td>",<tr><td>Portero</td></tr>,01,04
20,Giuliano Stagno ,"<td class=""zentriert"">08/01/2004 (18)</td>",<tr><td>Delantero</td></tr>,01,04
21,Lucas Greno ,"<td class=""zentriert"">17/03/2003 (19)</td>",<tr><td>Defensa central</td></tr>,03,03
22,Facundo Vázquez ,"<td class=""zentriert"">11/03/2003 (19)</td>",<tr><td>Portero</td></tr>,03,03
23,Ángel Luna ,"<td class=""zentriert"">11/06/2003 (19)</td>",<tr><td>Portero</td></tr>,06,03
24,Santiago Damasco ,"<td class=""zentriert"">26/03/2004 (18)</td>",<tr><td>Defensa central</td></tr>,03,04
0,Bruno Vera ,"<td class=""zentriert"">04/05/2003 (19)</td>",<tr><td>Defensa central</td></tr>,05,03
1,Juan Cabrera ,"<td class=""zentriert"">27/02/2003 (19)</td>",<tr><td>Mediocentro ofensivo</td></tr>,02,03
2,Sebastián De Pedro ,"<td class=""zentriert"">02/09/2003 (19)</td>",<tr><td>Portero</td></tr>,09,03
